1006007002,珠宝|水晶、玛瑙|耳饰,欧炫 奥地利元素水晶耳饰-天使情人,珠宝饰品 > 流行饰品 > 耳饰 > 商品详情,当当网,欧炫
1006007002,珠宝|水晶、玛瑙|耳饰,molie莫莉原创中国风饰品 琵琶耳环 水晶耳饰 镀24K金 ME0021,珠宝首饰>时尚饰品>耳饰>molie莫莉原创中国风饰品 琵琶耳环 ...,京东商城,molie莫莉
1006007002,珠宝|水晶、玛瑙|耳饰,欧炫ouxuan-黑夜的泪施华洛世奇元素水晶耳环,珠宝首饰>水晶玛瑙>耳饰>欧炫ouxuan-黑夜的泪施华洛世奇元素...,京东商城,欧炫饰品
1006007002,珠宝|水晶、玛瑙|耳饰,Mbox耳钉 女 采用施华洛世奇元素水晶 耳饰 屋顶的秘密饰品 黑底古典粉红,珠宝首饰>水晶玛瑙>耳饰>Mbox>Mbox耳钉 女 采用施华洛世奇元素水晶...,京东商城,Mbox
1006007002,珠宝|水晶、玛瑙|耳饰,情人节新年礼物 易燃火山纯银饰品耳坠耳饰 925银镀白金天然玛瑙耳坠 送女友生日礼物SYE0049R,珠宝首饰>水晶玛瑙>耳饰>易燃火山>情人节新年礼物 易燃火山纯银饰品耳坠耳饰...,京东商城,易燃火山珠宝
1006007002,珠宝|水晶、玛瑙|耳饰,Mbox 采用施华洛世奇元素水晶 耳环 海边伊人 HC0823-4 银色魅影,珠宝首饰>时尚饰品>耳饰>Mbox 采用施华洛世奇元素水晶 耳环 ...,京东商城,Mbox
1006007002,珠宝|水晶、玛瑙|耳饰,音乐盒Mbox 耳环 水晶 采用施华洛世奇元素 夸张 复古宫廷风耳环 HC0822-2红色,珠宝首饰>水晶玛瑙>耳饰>Mbox>音乐盒Mbox 耳环 水晶 采用施华洛世...,京东商城,Mbox
1006007002,珠宝|水晶、玛瑙|耳饰,歌瑞尔时尚芭蕾璀璨水晶黑色刺绣性感侧扣塑身美体衣 黑色 85B,歌瑞尔时尚芭蕾璀璨水晶黑色刺绣性感侧扣塑...,京东商城,歌瑞尔
1006007002,珠宝|水晶、玛瑙|耳饰,满200减50,满400减100【YOUSOO】通透灵动水晶耳饰,首页 > 饰品 > 耳饰 >  【YOUSOO】通透灵动水晶耳饰,D1优尚网,YOUSOO
1006007002,珠宝|水晶、玛瑙|耳饰,音乐盒Mbox饰品 微凉的梦畔 时尚闪亮耳环 采用施华洛世奇元素水晶HC0864-3银色魅影,珠宝首饰>水晶玛瑙>耳饰>音乐盒Mbox饰品 微凉的梦畔 时尚闪亮...,京东商城,Mbox
1006007002,珠宝|水晶、玛瑙|耳饰,丹蒂雅DANDIYA时尚2012新款女式真皮水晶亮片单肩斜挎女包1098 柠檬黄,礼品箱包>潮流女包>手提包>丹蒂雅（DANDIYA）>丹蒂雅DANDIYA时尚2012新款女式...,京东商城,丹蒂雅
1006007002,珠宝|水晶、玛瑙|耳饰,Glamorousky时尚圆环耳环配紫色及粉红色水晶 送女友 老婆 朋友高端生日 母亲节礼物,珠宝首饰>水晶玛瑙>耳饰>Glamorousky时尚圆环耳环配紫色...,京东商城,嘉娜莫斯星空
1006007002,珠宝|水晶、玛瑙|耳饰,swarovski施华洛世奇水晶夹式耳环-山茶花 1062659,珠宝首饰>水晶玛瑙>耳饰>施华洛世奇（Swarovski）>施华洛世奇水晶夹式耳环,京东商城,施华洛世奇（Swarovski）
1006007002,珠宝|水晶、玛瑙|耳饰,Swarovski施华洛世奇水晶穿孔耳环-月牙儿956725,礼品箱包>奢侈品>配件>施华洛世奇（Swarovski）>施华洛世奇耳环,京东商城,施华洛世奇（Swarovski）
1006007002,珠宝|水晶、玛瑙|耳饰,韩国 showkr 时尚镀白金蝴蝶耳圈,逛街网 > 韩国 showkr > 流行饰品 > 女士 > 耳饰,逛街网,韩国 showkr
1006007002,珠宝|水晶、玛瑙|耳饰,天然水晶-天然孔雀石黑曜石 925纯银 平安守护耳坠生日礼物,当当网,当当网,比坚尼
1006007002,珠宝|水晶、玛瑙|耳饰,Glamorousky时尚衣裤耳环配银色施华洛世奇水晶送女友 老婆 朋友高端生日 妇女节礼物,当当网,当当网,Glamorousky
1006007002,珠宝|水晶、玛瑙|耳饰,沐恩 完美镶嵌奢华水晶耳环--串起的幸福,珠宝首饰>时尚饰品>耳饰>沐恩 完美镶嵌奢华水晶耳环--串起的幸福,京东商城,沐恩
1006007002,珠宝|水晶、玛瑙|耳饰,尚鸿缘 时尚合金锆石奥地利水晶首饰 樱桃耳环 LJ1665244S10,珠宝首饰>时尚饰品>耳饰>尚鸿缘 时尚合金锆石奥地利水晶首饰 樱桃...,京东商城,尚鸿缘珠宝
1006007002,珠宝|水晶、玛瑙|耳饰,苏格拉底的诱惑-天然亚马逊石耳坠-出双入对,珠宝首饰>水晶玛瑙>耳饰>苏格拉底的诱惑-天然亚马逊石耳坠-出双入...,京东商城,苏格拉底的诱惑
1006007002,珠宝|水晶、玛瑙|耳饰,Royal SaSa-水晶耳环耳饰韩国流行前沿明星钟爱款-花漾水晶(冰蓝),珠宝首饰>时尚饰品>耳饰>皇家 莎莎（Royal sasa）>皇家 莎莎水晶耳环,京东商城,皇家 莎莎（Royal sasa）
1006007002,珠宝|水晶、玛瑙|耳饰,京品年货 凝萃坊 红珊瑚耳钉 玫瑰花,珠宝首饰>水晶玛瑙>耳饰>凝萃坊（Rare）>京品年货 凝萃坊 红珊瑚耳钉 玫瑰花,京东商城,凝萃坊
1006007002,珠宝|水晶、玛瑙|耳饰,唯一Winy水晶耳钉 梅花 蓝色 配送礼盒 014ES9 无货,珠宝首饰>水晶玛瑙>耳饰>唯一Winy水晶耳钉 梅花 蓝色 配送礼...,京东商城,Winy
1006007002,珠宝|水晶、玛瑙|耳饰,YOUR-D绝美水晶耳环记忆水滴海蓝色,珠宝首饰>水晶玛瑙>耳饰>YOUR-D>YOUR-D绝美水晶耳环记忆水滴海蓝色,京东商城,your-d
1006007002,珠宝|水晶、玛瑙|耳饰,molie莫莉 原创饰品 水晶耳饰甜蜜绝配耳环 礼物 女 两色 ME0034 玫瑰金,珠宝首饰>时尚饰品>耳饰>molie莫莉 原创饰品 水晶耳饰甜蜜绝...,京东商城,molie莫莉
1006007002,珠宝|水晶、玛瑙|耳饰,音乐盒 Mbox雨滴的旅行 饰品 耳环耳扣 女 时尚 奥地利 锆钻 树脂水晶 HC0925-2琥珀色,珠宝首饰>水晶玛瑙>耳饰>音乐盒 Mbox雨滴的旅行 饰品 耳环耳...,京东商城,Mbox
1006007002,珠宝|水晶、玛瑙|耳饰,百依秀子 时尚修身荷叶边水晶麻长袖连衣裙2012-B168 黑色 L,百依秀子 时尚修身荷叶边水晶麻长袖连衣裙...,京东商城,百依秀子旗舰店
1006007002,珠宝|水晶、玛瑙|耳饰,张银匠饰品 S925纯银水晶 水晶雨滴耳坠（紫色）女款耳环,珠宝首饰>银饰>戒指/耳饰>张银匠饰品 S925纯银水晶 水晶雨滴...,京东商城,张银匠
1006007002,珠宝|水晶、玛瑙|耳饰,新光饰品-奥地利水晶耳钩-相恋2,珠宝首饰 > 耳饰 > 耳坠,亚马逊(卓越网),新光饰品
1006007002,珠宝|水晶、玛瑙|耳饰,Royal.SaSa水晶丝缎纯手工耳环耳饰复古风情简约风尚款-海洋蓝眸,珠宝首饰 > 耳饰 > 耳坠,亚马逊(卓越网),
1006007002,珠宝|水晶、玛瑙|耳饰,Pugster 好饰界 优雅的双层中空水晶耳环 二月紫,珠宝首饰 > 耳饰 > 耳坠,亚马逊(卓越网),Pugster 好饰界
1006007002,珠宝|水晶、玛瑙|耳饰,雨点 1529914 韩国进口 丽如夏花 彩釉花朵水晶耳环绚丽花朵 流行新款 耳勾 耳坠 热卖推荐,当当网,当当网,raindrop
1006007002,珠宝|水晶、玛瑙|耳饰,麦琪新款正品可爱蝴蝶奥地利水晶耳环女蝶亦钟情韩国版防过敏,当当网,当当网,麦琪
1006007002,珠宝|水晶、玛瑙|耳饰,雨点新款 23361韩国HJ 镀黄金水晶金色耳环时尚流行款式 水晶流苏 简单大气,当当网,当当网,raindrop
1006007002,珠宝|水晶、玛瑙|耳饰,[当当自营]小浣熊 水晶清香净味器浪漫玫瑰香型90g*2,时尚美妆 > 日用清洁 > 家居清洁 > 空气清新/除味 > 商品详情,当当网,小浣熊
1006007002,珠宝|水晶、玛瑙|耳饰,水晶葫芦可爱耳环 白色,首页> 饰品> 耳饰> 耳环> 水晶葫芦可爱耳环,凡客诚品,VANCL 凡客诚品
1006007002,珠宝|水晶、玛瑙|耳饰,韩国 showkr 时尚镀白金水钻耳扣,逛街网 > 韩国 showkr > 流行饰品 > 女士 > 耳饰,逛街网,韩国 showkr
1006007002,珠宝|水晶、玛瑙|耳饰,Royal.SaSa 水晶材质耳环-紫色薰衣草巴洛克 VDYES0010ZSXYCB 紫色,首页 >配饰 >时尚饰品 >耳饰 >Royal.SaSa耳环紫色薰衣草巴洛克,vjia,RoyalSaSa旗舰店
1006007002,珠宝|水晶、玛瑙|耳饰,T400 正品饰品水晶耳环韩版情侣送礼新品女天使情人2149 翠绿色,首页 >配饰 >时尚饰品 >耳饰 >T400 正品饰品水晶耳环韩版情侣送礼新品女天使情人2149,vjia,T400旗舰店
1006007002,珠宝|水晶、玛瑙|耳饰,T400 正品饰品新年礼物韩版时尚水晶耳钉玲珑语2314 K金藕荷紫色,首页 >配饰 >时尚饰品 >耳饰 >T400 正品饰品新年礼物韩版时尚水晶耳钉玲珑语2314,vjia,T400旗舰店
1006007002,珠宝|水晶、玛瑙|耳饰,韩国 showkr 水晶礼包蝴蝶结耳坠,逛街网 > 韩国 showkr > 流行饰品 > 女士 > 耳饰,逛街网,韩国 showkr
1006007002,珠宝|水晶、玛瑙|耳饰,【御灵珠宝】艾珀瑞琥珀 琥珀蜜蜡镶银耳坠 仪态万方艾珀瑞琥珀 银耳坠,当当网 > 钟表珠宝、礼品眼镜 > 黄金珠宝 > 水晶/琥珀/木饰,当当网,艾珀瑞琥珀
1006007002,珠宝|水晶、玛瑙|耳饰,欧瑞德 复古泰银耳饰-小蝴蝶925纯银,珠宝饰品 > 流行饰品 > 耳饰 > 商品详情,当当网,欧瑞德
1006007002,珠宝|水晶、玛瑙|耳饰,欧瑞德 紫色年华镶嵌水晶耳饰925银,珠宝饰品 > 流行饰品 > 耳饰 > 商品详情,当当网,欧瑞德
1006007002,珠宝|水晶、玛瑙|耳饰,瑾泉真珠草.莹润保湿洁面水晶 100g真珠草.莹润保湿洁面水晶,当当网 > 时尚美妆 > 美容护肤 > 洁面,当当网,瑾泉
1006007002,珠宝|水晶、玛瑙|耳饰,[当当自营]swarovski施华洛世奇 穿孔耳环缠绵爱恋1039120,当当网 > 钟表珠宝、礼品眼镜 > 黄金珠宝 > 水晶/琥珀/木饰,当当网,Swarovski
1006007002,珠宝|水晶、玛瑙|耳饰,GUERLAIN娇兰金钻亮采粉饼(金钻水晶粉饼)SPF20(象牙白)02#9g,首页 > 时尚美妆 > 魅力彩妆 > 粉饼 > GUERLAIN娇兰金钻亮采粉饼(金钻水晶粉饼)SPF20(象牙白)02#9g,进口中国,GUERLAIN娇兰
1006007002,珠宝|水晶、玛瑙|耳饰,天然水晶-比坚尼天然孔雀石 925纯银 我心荡漾耳坠生日礼品,当当网,当当网,比坚尼
1006007002,珠宝|水晶、玛瑙|耳饰,雨点26797 韩国进口 鲜艳欲滴水晶红苹果耳夹 耳环无耳洞佩戴 吉祥红色 幸运永相伴,当当网,当当网,raindrop
1006007002,珠宝|水晶、玛瑙|耳饰,【品牌直供】【Mbox】 采用施华洛世奇元素 水晶耳环 绿苔翠颜,商品详情,当当网,无
1006007002,珠宝|水晶、玛瑙|耳饰,【当当自营】 本手 M328N 游戏办公家用专业USB有线鼠标 水晶镜面时尚 银黄,电脑办公 > 外设产品 > 鼠标 > 商品详情,当当网,本手
1006007002,珠宝|水晶、玛瑙|耳饰,Kate Moss可美奥地利水晶925纯银耳饰－灵动 茶色,珠宝首饰 > 耳饰 > 耳坠,亚马逊(卓越网),
1006007002,珠宝|水晶、玛瑙|耳饰,Royal.SaSa贝壳雕花水晶耳环-童话芬芳,珠宝首饰 > 耳饰 > 耳环,亚马逊(卓越网),
1006007002,珠宝|水晶、玛瑙|耳饰,Swarovski 施华洛世奇 水晶穿孔耳环-水晶芦花661108,珠宝首饰 > 耳饰 > 耳环,亚马逊(卓越网),
1006007002,珠宝|水晶、玛瑙|耳饰,新光饰品-奥地利水晶耳坠-太阳花,珠宝首饰 > 耳饰 > 耳坠,亚马逊(卓越网),
1006007002,珠宝|水晶、玛瑙|耳饰,lux-women-925纯银晶莹水晶耳坠-星月,珠宝首饰 > 耳饰 > 耳坠,亚马逊(卓越网),
1006007002,珠宝|水晶、玛瑙|耳饰,Swarovski 施华洛世奇 水晶耳环-银色纽扣1058491,,亚马逊(卓越网),
1006007002,珠宝|水晶、玛瑙|耳饰,星座传奇-彩虹晶 粉水晶耳坠-青春物语,珠宝首饰 > 耳饰 > 耳坠,亚马逊(卓越网),星座传奇
1006007002,珠宝|水晶、玛瑙|耳饰,lux-women925银镶嵌奥地利水晶耳坠-蔷薇之恋,珠宝首饰 > 耳饰 > 耳坠,亚马逊(卓越网),
1006007002,珠宝|水晶、玛瑙|耳饰,lux-women925银镶嵌水晶耳坠-纤韵,珠宝首饰 > 耳饰 > 耳坠,亚马逊(卓越网),
1006007002,珠宝|水晶、玛瑙|耳饰,Sussie采用施华洛世奇元素-美丽神话薯片水晶吊坠耳饰套装5185,珠宝首饰 > 耳饰 > 耳坠 ,亚马逊(卓越网),Sussie
1006007002,珠宝|水晶、玛瑙|耳饰,Sussie北欧风情手工瑞士钻耳坠-水晶心愿 紫色 SH898-1,珠宝首饰 > 耳饰 > 耳坠,亚马逊(卓越网),
1006007002,珠宝|水晶、玛瑙|耳饰,凤凰涅磐 原创中国风手工饰品 复古天然黑玛瑙耳环 女 K0509042805,珠宝首饰>水晶玛瑙>耳饰>凤凰涅磐>凤凰涅磐 原创中国风手工饰品 复古天然...,京东商城,凤凰涅磐
1006007002,珠宝|水晶、玛瑙|耳饰,Mbox 心湖如镜 耳环 女 采用施华洛世奇元素水晶耳饰 优雅时尚 HC2244,所有分类 > 钟表珠宝、饰品箱包 > 流行饰品 > 水晶玛瑙 > 耳饰 > Mbox,1号店,
1006007002,珠宝|水晶、玛瑙|耳饰,新光饰品 采用奥地利进口水晶 韩式可爱风 多彩 蝴蝶耳钉 女 时尚 货号21116110,所有分类 > 钟表珠宝、饰品箱包 > 流行饰品 > 水晶玛瑙 > 耳饰 > 新光饰品,1号店,
1006007002,珠宝|水晶、玛瑙|耳饰,T400 爱恋 水晶 耳环 女2268,所有分类 > 钟表珠宝、饰品箱包 > 流行饰品 > 合金饰品 > 耳饰 > T400,1号店,
1006007002,珠宝|水晶、玛瑙|耳饰,T400 汉宫秋月 使用施华洛世奇元素水晶 耳环 女2239,所有分类 > 钟表珠宝、饰品箱包 > 流行饰品 > 合金饰品 > 耳饰 > T400,1号店,
1006007002,珠宝|水晶、玛瑙|耳饰,【易燃火山】纯银镀白金 天然石榴石耳环 女 创意 小花SE0001G,所有分类 > 钟表珠宝、饰品箱包 > 流行饰品 > 水晶玛瑙 > 耳饰 > 易燃火山,1号店,
1006007002,珠宝|水晶、玛瑙|耳饰,帝家比 恋蝶 奥地利水晶 耳环 高档 水滴,所有分类 > 钟表珠宝、饰品箱包 > 流行饰品 > 水晶玛瑙 > 耳饰 > 帝家比,1号店,
1006007002,珠宝|水晶、玛瑙|耳饰,【clingcling】专柜正品 饰品 耳环 可爱 时尚 韩版 天使之翼 水晶 镀18K玫瑰金 11210011180,所有分类 > 钟表珠宝、饰品箱包 > 流行饰品 > 合金饰品 > 耳饰 > clingcling,1号店,
1006007002,珠宝|水晶、玛瑙|耳饰,【Swarovski施华洛世奇】水晶穿孔耳环ONLY YOU 992846,所有分类 > 钟表珠宝、饰品箱包 > 流行饰品 > 水晶玛瑙 > 耳饰 > Swarovski/施华洛世奇,1号店,
1006007002,珠宝|水晶、玛瑙|耳饰,【名妍】北极星之恋 采用施华洛世奇元素水晶耳环CB013 情人节送女友,所有分类 > 钟表珠宝、饰品箱包 > 流行饰品 > 合金饰品 > 耳饰 > 名妍,1号店,
1006007002,珠宝|水晶、玛瑙|耳饰,【隆晶】 天然极品碧玺925银耳钉 A199,所有分类 > 钟表珠宝、饰品箱包 > 流行饰品 > 水晶玛瑙 > 耳饰 > 隆晶,1号店,
1006007002,珠宝|水晶、玛瑙|耳饰,蒂尔凯斯珠宝 【蒂尔凯斯】施华洛元素水晶耳环 时光记忆,所有分类>珠宝/饰品/手表/眼镜>饰品/流行首饰/时尚新品>耳饰>蒂尔凯斯珠宝>蒂尔凯斯珠宝 【蒂尔...,1号店,蒂尔凯斯珠宝
1006007002,珠宝|水晶、玛瑙|耳饰,Glamorousky 亮丽十字架耳环配蓝色奥地利水晶,所有分类>珠宝/饰品/手表/眼镜>饰品/流行首饰/时尚新品>耳饰>Glamorousky>Glamorousk...,1号店,Glamorousky
1006007002,珠宝|水晶、玛瑙|耳饰,Glamorousky 优雅典雅耳环配蓝色奥地利水晶,所有分类>珠宝/饰品/手表/眼镜>饰品/流行首饰/时尚新品>耳饰>Glamorousky>Glamorousk...,1号店,Glamorousky
1006007002,珠宝|水晶、玛瑙|耳饰,Glamorousky 高雅耳环配银色水晶及银色奥地利水晶,所有分类>珠宝/饰品/手表/眼镜>饰品/流行首饰/时尚新品>耳饰>Glamorousky>Glamorousk...,1号店,Glamorousky
1006007002,珠宝|水晶、玛瑙|耳饰,Glamorousky 华丽耳环配银色奥地利水晶及锆石,所有分类 > 钟表珠宝、饰品箱包 > 流行饰品 > 水晶玛瑙 > 耳饰 > Glamorousky,1号店,
1006007002,珠宝|水晶、玛瑙|耳饰,Mbox 伊甸园之恋 耳环 女 采用施华洛世奇元素水晶耳饰 HC2224,所有分类 > 钟表珠宝、饰品箱包 > 流行饰品 > 水晶玛瑙 > 耳饰 > Mbox,1号店,
1006007002,珠宝|水晶、玛瑙|耳饰,Glamorousky 眩目蝴蝶耳环配流苏及紫色奥地利水晶,所有分类>珠宝/饰品/手表/眼镜>饰品/流行首饰/时尚新品>耳饰>Glamorousky>Glamorousk...,1号店,Glamorousky
1006007002,珠宝|水晶、玛瑙|耳饰,茗琳 采用施华洛世奇元素 女 花朦泪水晶耳环,所有分类>珠宝/饰品/手表/眼镜>饰品/流行首饰/时尚新品>耳饰>茗琳>茗琳 采用施华洛世奇...,1号店,茗琳
1006007002,珠宝|水晶、玛瑙|耳饰,Mbox 雨滴的眼泪 耳环 女 韩版时尚奥地利水晶锆石钻耳饰 甜美可爱HC2242,所有分类>珠宝/饰品/手表/眼镜>饰品/流行首饰/时尚新品>耳饰>Mbox>Mbox 雨滴的眼泪...,1号店,Mbox
1006007002,珠宝|水晶、玛瑙|耳饰,Glamorousky 蓝色花型对装耳环配蓝色奥地利水晶,所有分类>珠宝/饰品/手表/眼镜>饰品/流行首饰/时尚新品>耳饰>Glamorousky>Glamorousk...,1号店,Glamorousky
1006007002,珠宝|水晶、玛瑙|耳饰,GLOSS/懿彩 浪漫仙子 奥地利水晶 耳环 玫红色 生日 女 E-005rr,所有分类 > 钟表珠宝、饰品箱包 > 流行饰品 > 水晶玛瑙 > 耳饰 > Gloss/懿彩,1号店,
1006007002,珠宝|水晶、玛瑙|耳饰,GLOSS/懿彩 黑钻星辰 奥地利水晶 耳钉 黑色 生日 女 E-020,所有分类 > 钟表珠宝、饰品箱包 > 流行饰品 > 水晶玛瑙 > 耳饰 > Gloss/懿彩,1号店,
1006007002,珠宝|水晶、玛瑙|耳饰,欧若雅 小熊猫 奥地利水晶耳钉KLDW019077,所有分类 > 钟表珠宝、饰品箱包 > 流行饰品 > 水晶玛瑙 > 耳饰 > 欧若雅,1号店,
1006007002,珠宝|水晶、玛瑙|耳饰,千寻海风 星星水晶耳钉 采用施华洛世奇元素 kz124,所有分类 > 钟表珠宝、饰品箱包 > 流行饰品 > 水晶玛瑙 > 耳饰 > 千寻海风,1号店,
1006007002,珠宝|水晶、玛瑙|耳饰,子羽 2012原创中式婚礼配饰红色水晶凤凰新娘耳环,所有分类 > 钟表珠宝、饰品箱包 > 流行饰品 > 合金饰品 > 耳饰 > 子羽,1号店,
1006007002,珠宝|水晶、玛瑙|耳饰,御灵珠宝 曼诗琳水晶 新款时尚流行耳环耳饰 心怡,所有分类 > 钟表珠宝、饰品箱包 > 流行饰品 > 水晶玛瑙 > 耳饰 > 御灵珠宝,1号店,
1006007002,珠宝|水晶、玛瑙|耳饰,【易燃火山】 韩国风 水晶耳坠 耳环 女 CYE0078B,所有分类 > 钟表珠宝、饰品箱包 > 流行饰品 > 水晶玛瑙 > 耳饰 > 易燃火山,1号店,
1006007002,珠宝|水晶、玛瑙|耳饰,Royal.SaSa 韩国流行时尚四季百搭款水晶材质耳环-魔都粉艳,珠宝首饰 > 耳饰 > 耳环,亚马逊(卓越网),
1006007002,珠宝|水晶、玛瑙|耳饰,新光饰品 刹那芳华 水晶耳环,珠宝首饰 > 耳饰 > 耳环,亚马逊(卓越网),新光饰品
1006007002,珠宝|水晶、玛瑙|耳饰,易燃火山 925纯银四叶草耳环 水晶 耳坠 耳饰品 韩国 可爱-SZE0103,,亚马逊(卓越网),
1006007002,珠宝|水晶、玛瑙|耳饰,Sussie 奥地利水晶耳环-串起幸福耳环7002,珠宝首饰 > 耳饰 > 耳环,亚马逊(卓越网),
1006007002,珠宝|水晶、玛瑙|耳饰,Beauty-个性冰块幻彩耳钩耳饰进口奥地利水晶元素B0813421436_white,,亚马逊(卓越网),
1006007002,珠宝|水晶、玛瑙|耳饰,GLOSS 懿彩 波心曼影 耳环 香槟色 礼品 奥地利水晶 E-004gs（专柜礼盒套装-全球同售）,珠宝首饰 > 耳饰 > 耳环 ,亚马逊(卓越网),
1006007002,珠宝|水晶、玛瑙|耳饰,IDee苹果耳坠女 欧美水晶耳环 水钻精美耳饰夸张饰品公主配饰圣诞节,珠宝首饰 > 情侣饰品 ,亚马逊(卓越网),IDee
1006007002,珠宝|水晶、玛瑙|耳饰,Swarovski 施华洛世奇 水晶Precious Pierced耳饰-1110408,珠宝首饰 > 耳饰 > 耳环,亚马逊(卓越网),Swarovski 施华洛世奇
1006007002,珠宝|水晶、玛瑙|耳饰,Swarovski 施华洛世奇 水晶Nila Amethyst耳饰-1095038,珠宝首饰 > 耳饰 > 耳环,亚马逊(卓越网),
1006007002,珠宝|水晶、玛瑙|耳饰,古典多色花形耳环配杂彩色施华洛世奇元素水晶 送女友 老婆 朋友高端生日 母亲节礼物,珠宝首饰 > 耳饰 > 耳环,亚马逊(卓越网),
1006007002,珠宝|水晶、玛瑙|耳饰,Swarovski 施华洛世奇 水晶复古红色心形耳环-1065011,珠宝首饰 > 耳饰 > 耳环,亚马逊(卓越网),Swarovski 施华洛世奇
1006007002,珠宝|水晶、玛瑙|耳饰,Swarovski 施华洛世奇 水晶无限几何圆耳环-1106449,珠宝首饰 > 耳饰 > 耳环,亚马逊(卓越网),Swarovski 施华洛世奇
1006007002,珠宝|水晶、玛瑙|耳饰,Swarovski 施华洛世奇 水晶幸运小金鱼耳环-1110473,珠宝首饰 > 耳饰 > 耳环,亚马逊(卓越网),Swarovski 施华洛世奇
1006007002,珠宝|水晶、玛瑙|耳饰,天下玉缘 海的思念 沙漠之光锆石耳坠 韩版靓丽耳饰 奥地利水晶 橄榄绿 锆石耳坠 299154,珠宝首饰 > 耳饰 > 耳坠,亚马逊(卓越网),天下玉缘
1006007002,珠宝|水晶、玛瑙|耳饰,高贵黑玫瑰流苏耳环配银色施华洛世奇元素水晶 送女友 老婆 朋友高端生日 母亲节礼物,珠宝首饰 > 耳饰 > 耳环,亚马逊(卓越网),
1006007002,珠宝|水晶、玛瑙|耳饰,浪漫玫瑰耳环配紫色施华洛世奇元素水晶 送女友 老婆 朋友高端生日 母亲节礼物,珠宝首饰 > 耳饰 > 耳环,亚马逊(卓越网),
1006007002,珠宝|水晶、玛瑙|耳饰,典雅耳环配银色施华洛世奇元素水晶 送女友 老婆 朋友高端生日 母亲节礼物,珠宝首饰 > 耳饰 > 耳环,亚马逊(卓越网),
1006007002,珠宝|水晶、玛瑙|耳饰,Swarovski 施华洛世奇 水晶MEGAN:穿孔耳环-1062665,珠宝首饰 > 耳饰 > 耳环,亚马逊(卓越网),
1006007002,珠宝|水晶、玛瑙|耳饰,BOFIEER 宝菲尔 925银奥地利水晶水滴耳环 情人节特价 多色可选 春夏新款-粉红色 冬季感恩促销，全场最低价 秒杀 疯抢,珠宝首饰 > 耳饰 > 耳坠 ,亚马逊(卓越网),BOFIEER 宝菲尔
1006007002,珠宝|水晶、玛瑙|耳饰,Swarovski 施华洛世奇 水晶穿孔耳环-淡紫色雅致魅力1137507,珠宝首饰 > 耳饰 > 耳环,亚马逊(卓越网),Swarovski 施华洛世奇
1006007002,珠宝|水晶、玛瑙|耳饰,mammon 曼暮 伊甸园的果实水晶鸡心意大利925纯银镀18k金耳环048e,珠宝首饰 > 耳饰 > 耳环,亚马逊(卓越网),mammon 曼暮
1006007002,珠宝|水晶、玛瑙|耳饰,Pugster 好饰界 水滴形水晶耳环-透明,珠宝首饰 > 耳饰 > 耳坠 ,亚马逊(卓越网),
1006007002,珠宝|水晶、玛瑙|耳饰,Pugster 好饰界 水晶耳钩耳坠 半圆 经典黑,珠宝首饰 > 耳饰 > 耳坠,亚马逊(卓越网),Pugster 好饰界
1006007002,珠宝|水晶、玛瑙|耳饰,Pugster 好饰界 优雅水晶吊穗耳环 透明,珠宝首饰 > 耳饰 > 耳坠,亚马逊(卓越网),Pugster 好饰界
1006007002,珠宝|水晶、玛瑙|耳饰,Pugster 好饰界 简约水晶耳环 黑色,珠宝首饰 > 耳饰 > 耳坠,亚马逊(卓越网),Pugster 好饰界
1006007002,珠宝|水晶、玛瑙|耳饰,Pugster 好饰界 水晶耳钩耳坠 鸟巢 七月红,珠宝首饰 > 耳饰 > 耳坠,亚马逊(卓越网),Pugster 好饰界
1006007002,珠宝|水晶、玛瑙|耳饰,Pugster 好饰界 水晶耳钩耳坠 六角形 香槟色,珠宝首饰 > 耳饰 > 耳坠,亚马逊(卓越网),Pugster 好饰界
1006007002,珠宝|水晶、玛瑙|耳饰,莱茵兰 进口奥地利水晶-金碧螺耳坠,珠宝首饰 > 耳饰 > 耳环,亚马逊(卓越网),莱茵兰
1006007002,珠宝|水晶、玛瑙|耳饰,Pugster 好饰界 水晶耳钩耳坠 天使泪滴 十月粉,珠宝首饰 > 耳饰 > 耳坠,亚马逊(卓越网),Pugster 好饰界
1006007002,珠宝|水晶、玛瑙|耳饰,韩国 showkr 时尚水钻蝴蝶结耳圈,逛街网 > 韩国 showkr > 流行饰品 > 女士 > 耳饰,逛街网,韩国 showkr
1006007002,珠宝|水晶、玛瑙|耳饰,MBOX正品 海的思念 韩国进口水晶奢华款耳环 采用施华洛世奇元素,珠宝饰品 > 流行饰品 > 耳饰 > 商品详情,当当网,mbox
1006007002,珠宝|水晶、玛瑙|耳饰,Swarovski/施华洛世奇 水晶 耳钉 SOLITAIRE 1800046,所有分类 > 钟表珠宝、饰品箱包 > 流行饰品 > 水晶玛瑙 > 耳饰 > Swarovski/施华洛世奇,1号店,
1006007002,珠宝|水晶、玛瑙|耳饰,新光饰品 蓝色幻梦 耳钉 爱心设计 货号14115029,所有分类 > 钟表珠宝、饰品箱包 > 流行饰品 > 水晶玛瑙 > 耳饰 > 新光饰品,1号店,
1006007002,珠宝|水晶、玛瑙|耳饰,蛟蓓 奥地利进口水晶 彩雨幻境珍耳环 女,所有分类>珠宝/饰品/手表/眼镜>饰品/流行首饰/时尚新品>耳饰>蛟蓓>蛟蓓 奥地利进口水晶...,1号店,蛟蓓
1006007002,珠宝|水晶、玛瑙|耳饰,蛟蓓 采用施华洛世奇元素水晶 桃运粉晶缤纷水晶耳饰 女,所有分类>珠宝/饰品/手表/眼镜>饰品/流行首饰/时尚新品>耳饰>蛟蓓>蛟蓓 采用施华洛世奇...,1号店,蛟蓓
1006007002,珠宝|水晶、玛瑙|耳饰,蛟蓓 饰品 采用施华洛世奇元素 彩釉七彩珠珠水晶耳环 耳饰 女,所有分类>珠宝/饰品/手表/眼镜>饰品/流行首饰/时尚新品>耳饰>蛟蓓>蛟蓓 饰品 采用施华...,1号店,蛟蓓
1006007002,珠宝|水晶、玛瑙|耳饰,金陵十二钗 925纯银耳环 可爱长款水晶耳坠hqhe0009 黄色,首页 >配饰 >时尚饰品 >耳饰 >金陵十二钗 925纯银耳环 可爱长款水晶耳坠hqhe0009,vjia, MILRY米莱恩旗舰店
1006007002,珠宝|水晶、玛瑙|耳饰,Pugster 好饰界 施华洛世奇 旋转的音符橙黄水晶女耳环耳坠耳饰,珠宝首饰 > 耳饰,亚马逊(卓越网),
1006007002,珠宝|水晶、玛瑙|耳饰,Daisyley 黛斯莉 奥地利水晶耳环--桃心(海蓝),珠宝首饰 > 耳饰 > 耳坠 ,亚马逊(卓越网),
1006007002,珠宝|水晶、玛瑙|耳饰,【御灵珠宝】曼诗琳水晶 新款时尚流行耳环耳饰 心怡,当当网 > 钟表珠宝、礼品眼镜 > 黄金珠宝 > 水晶/琥珀/木饰,当当网,御灵珠宝
1006007002,珠宝|水晶、玛瑙|耳饰,2014新款 Melissa玛丽莎 奥地利水晶 精致典雅 最爱女士手表  时尚金色,手表眼镜 > 手表 > 时尚品牌表 > 商品详情,当当网,melissa
1006007002,珠宝|水晶、玛瑙|耳饰,MINT 简约时尚奥地利水晶耳钉,所有分类 > 箱包、珠宝饰品、钟表 > 流行饰品 > 水晶玛瑙 > 耳饰 > MINT,1号店,
1006007002,珠宝|水晶、玛瑙|耳饰,MINT 简爱之心奥地利水晶耳钉,所有分类 > 箱包、珠宝饰品、钟表 > 流行饰品 > 水晶玛瑙 > 耳饰 > MINT,1号店,
1006007002,珠宝|水晶、玛瑙|耳饰,MINT 彩钻奥地利水晶耳钉,所有分类 > 箱包、珠宝饰品、钟表 > 流行饰品 > 水晶玛瑙 > 耳饰 > MINT,1号店,
1006007002,珠宝|水晶、玛瑙|耳饰,Beauty/碧靓 爱之泉水晶耳环 女 礼物 饰品,所有分类>珠宝/饰品/手表/眼镜>饰品/流行首饰/时尚新品>耳饰>Beauty/碧靓>Beauty/碧靓 ...,1号店,Beauty/碧靓
1006007002,珠宝|水晶、玛瑙|耳饰,新光饰品 使用施华洛世奇元素水晶 爱情密码 耳环 经典流苏 货号11102019,所有分类 > 箱包、珠宝饰品、钟表 > 流行饰品 > 水晶玛瑙 > 耳饰 > 新光饰品,1号店,
1006007002,珠宝|水晶、玛瑙|耳饰,MINT 十字彩钻奥地利水晶耳钉,所有分类 > 箱包、珠宝饰品、钟表 > 流行饰品 > 水晶玛瑙 > 耳饰 > MINT,1号店,
1006007002,珠宝|水晶、玛瑙|耳饰,金狐狸 女式短靴圆头平跟磨砂皮潮流时尚女靴1275 送高弹水晶丝丝袜一双 棕色 36,金狐狸>金狐狸 女式短靴圆头平跟磨砂皮潮流时尚女...,京东商城,金 狐 狸
1006007002,珠宝|水晶、玛瑙|耳饰,茗琳 采用施华洛世奇元素 幸福三叶草水晶耳环 韩国 进口 女,珠宝首饰 > 时尚饰品 > 耳饰 > 茗琳 采用施华洛世奇元素 幸福三叶草水晶耳环 韩国 ...,京东商城,
1006007002,珠宝|水晶、玛瑙|耳饰,宝菲尔 BOFIEER 925银奥地利水晶枫叶耳环-酒红色,珠宝首饰>时尚饰品>耳饰>宝菲尔（BOFIEER）>宝菲尔 BOFIEER 925银奥地利...,京东商城,宝菲尔旗舰店
1006007002,珠宝|水晶、玛瑙|耳饰,新年特惠GLOSS 迷情绽放 奥地利水晶 女款耳环 蓝色E-002is,珠宝首饰>时尚饰品>耳饰>Gloss>新年特惠GLOSS 迷情绽放 奥地利水晶...,京东商城,gloss
1006007002,珠宝|水晶、玛瑙|耳饰,宝菲尔 BOFIEER 925银奥地利水晶天使泪耳环-粉红色,珠宝首饰>时尚饰品>耳饰>宝菲尔（BOFIEER）>宝菲尔 BOFIEER 925银奥地...,京东商城,宝菲尔旗舰店
1006007002,珠宝|水晶、玛瑙|耳饰,蛟蓓首饰 韩国饰品 奥地利水晶 萤火虫的愿望水晶耳环 耳饰 女 绿色镀白金,珠宝首饰>时尚饰品>耳饰>蛟蓓>蛟蓓首饰 韩国饰品 奥地利水晶 萤火虫的...,京东商城,蛟蓓饰品官方旗舰店
1006007002,珠宝|水晶、玛瑙|耳饰,molie莫莉耳环 复古 流苏 金玉满堂金鱼耳环 水晶耳坠 女 情人节礼物 ME0013 水莲红,珠宝首饰>时尚饰品>耳饰>molie莫莉耳环 复古 流苏 金玉满堂...,京东商城,molie莫莉
1006007002,珠宝|水晶、玛瑙|耳饰,蛟蓓饰品 满钻可爱小鱼水晶耳环 合金镀K金 采用奥地利水晶 20mmx16mm EHS110321080 金色,珠宝首饰>时尚饰品>耳饰>蛟蓓>蛟蓓饰品 满钻可爱小鱼水晶耳环 合金镀K...,京东商城,蛟蓓饰品官方旗舰店
1006007002,珠宝|水晶、玛瑙|耳饰,蛟蓓饰品 长线吊桃心耳线 925纯银 奥地利进口水晶 96mm 12042209,珠宝首饰>时尚饰品>耳饰>蛟蓓>蛟蓓饰品 长线吊桃心耳线 925纯银 奥...,京东商城,蛟蓓饰品官方旗舰店
1006007002,珠宝|水晶、玛瑙|耳饰,Pig&Star-波西米亚时尚优雅女款水晶耳环-爱的羽翼-耳饰 特价销售（送精美礼品盒）615,珠宝首饰>时尚饰品>耳饰>Pig&Star-波西米亚时尚优雅女款水...,京东商城,鸿福缘旗舰店
1006007002,珠宝|水晶、玛瑙|耳饰,尚鸿缘 时尚合金锆石奥地利水晶首饰 珍珠耳环LJ1739980S20,珠宝首饰>时尚饰品>耳饰>尚鸿缘>尚鸿缘 时尚合金锆石奥地利水晶首饰 珍珠...,京东商城,尚鸿缘珠宝
1006007002,珠宝|水晶、玛瑙|耳饰,尚鸿缘 时尚合金锆石奥地利水晶首饰 蝴蝶珍珠耳环LJ1737097S22,珠宝首饰>时尚饰品>耳饰>尚鸿缘>尚鸿缘 时尚合金锆石奥地利水晶首饰 蝴蝶...,京东商城,尚鸿缘珠宝
1006007002,珠宝|水晶、玛瑙|耳饰,尚鸿缘 时尚合金锆石奥地利水晶首饰 珍珠耳环LJ1662563S9,珠宝首饰>时尚饰品>耳饰>尚鸿缘>尚鸿缘 时尚合金锆石奥地利水晶首饰 珍珠...,京东商城,尚鸿缘珠宝
1006007002,珠宝|水晶、玛瑙|耳饰,bannystones 采用施华洛世奇元素 彩色水晶耳环 女 礼物 OL职业 礼物,珠宝首饰>时尚饰品>耳饰>bannystones 采用施华洛世奇元...,京东商城,bannystones
1006007002,珠宝|水晶、玛瑙|耳饰,bannystones 上玄月 采用施华洛世奇元素 水晶耳环 红色 送女朋友 礼物 简单奢华 血蛋白,珠宝首饰>时尚饰品>耳饰>bannystones 上玄月 采用施华...,京东商城,bannystones
1006007002,珠宝|水晶、玛瑙|耳饰,尹语彤耳饰耳坠水晶防过敏耳环5447 浅紫,珠宝首饰>时尚饰品>耳饰>尹语彤耳饰耳坠水晶防过敏耳环5447 浅...,京东商城,尹语彤饰品
1006007002,珠宝|水晶、玛瑙|耳饰,麦琪 紫鸾花开925纯银奥地利水晶耳环 女 民族风银饰饰品 生日礼物送女友送老师 粉色,珠宝首饰>时尚饰品>耳饰>麦琪（JUSTMATCH）>麦琪 紫鸾花开925纯银奥地利水晶耳环 ...,京东商城,麦琪
1006007002,珠宝|水晶、玛瑙|耳饰,音乐盒Mbox耳环 女 韩版时尚奥地利水晶锆石钻桃心饰品 云絮HC2516 浅玫红,珠宝首饰>时尚饰品>耳饰>Mbox>音乐盒Mbox耳环 女 韩版时尚奥地利水...,京东商城,Mbox官方旗舰店
1006007002,珠宝|水晶、玛瑙|耳饰,bannystones 水晶耳环 采用施华洛世奇元素 饰品 女 情人节礼物,珠宝首饰>时尚饰品>耳饰>bannystones 水晶耳环 采用施...,京东商城,bannystones
1006007002,珠宝|水晶、玛瑙|耳饰,音乐盒Mbox耳环 女 韩版时尚奥地利水晶优雅小资风饰品 许愿瓶HC2704 晶莹白,珠宝首饰>时尚饰品>耳饰>Mbox>音乐盒Mbox耳环 女 韩版时尚奥地利水...,京东商城,Mbox
1006007002,珠宝|水晶、玛瑙|耳饰,茗琳 采用施华洛世奇元素 女 饰品 魔幻凌芳水晶耳环 金香槟,珠宝首饰>时尚饰品>耳饰>茗琳 采用施华洛世奇元素 女 饰品 魔...,京东商城,茗琳
1006007002,珠宝|水晶、玛瑙|耳饰,bannystones 桃心 可爱精致黑色水晶耳环,珠宝首饰>时尚饰品>耳饰>bannystones 桃心 可爱精致黑...,京东商城,bannystones
1006007002,珠宝|水晶、玛瑙|耳饰,韩都衣舍 韩国2012夏季新款流行饰品时尚韩版镶钻耳线KF1103 银色,珠宝首饰>时尚饰品>耳饰>韩都衣舍 韩国2012夏季新款流行饰品时...,京东商城,韩都衣舍饰品旗舰店
1006007002,珠宝|水晶、玛瑙|耳饰,Mint 正品 奥地利进口水晶 炫彩耳环 奢华尊贵 百搭女王 欧美饰品 彩色 均码,珠宝首饰>时尚饰品>耳饰>Mint 正品 奥地利进口水晶 炫彩耳环...,京东商城,MINT
1006007002,珠宝|水晶、玛瑙|耳饰,MaoMao黑白水晶女士耳环 瑞士水晶耳环 耳环首饰 女士环形耳饰品 一对价,珠宝首饰>时尚饰品>耳饰>MaoMao黑白水晶女士耳环 瑞士水晶耳...,京东商城,MAO.MAO旗舰店
1006007002,珠宝|水晶、玛瑙|耳饰,mammon色雷斯的春天奥地利水晶925银耳环蛋白绿色e031,珠宝首饰>银饰>戒指/耳饰>mammon色雷斯的春天奥地利水晶925...,京东商城,MAMMON
1006007002,珠宝|水晶、玛瑙|耳饰,Lux-women-925银镶水晶耳坠-方LW12030502621,珠宝首饰>银饰>戒指/耳饰>Lux-women>lux-women耳坠,京东商城,Lux-women
1006007002,珠宝|水晶、玛瑙|耳饰,久爱【9i】Lydia 925纯银耳坠 耳环 奥地利水晶 水晶耳环 纯银耳环 YE0131,珠宝首饰>银饰>戒指/耳饰>久爱【9i】Lydia 925纯银耳坠 ...,京东商城,久爱珠宝
1006007002,珠宝|水晶、玛瑙|耳饰,情人节新年礼物易燃火山纯银饰品 925银玛瑙耳饰 女 耳坠 时尚 送女友 短SYE0008P,珠宝首饰>银饰>戒指/耳饰>易燃火山>情人节新年礼物易燃火山纯银饰品 925银...,京东商城,易燃火山珠宝
1006007002,珠宝|水晶、玛瑙|耳饰,银子岩 水晶朝露 S925银镶晶石耳饰 蓝晶石 紫晶石耳环 时尚女款 礼物 白色,珠宝首饰>银饰>戒指/耳饰>银子岩>银子岩 水晶朝露 S925银镶晶石耳饰 ...,京东商城,塞纳多珠宝旗舰店
1006007002,珠宝|水晶、玛瑙|耳饰,Beauty/碧靓 送礼精品 迷人水滴 韩国柔情水晶耳环 925纯银耳环 超闪高贵华丽 金香槟,珠宝首饰>银饰>戒指/耳饰>Beauty/碧靓 送礼精品 迷人水滴 ...,京东商城,美丽饰界（碧靓）
1006007002,珠宝|水晶、玛瑙|耳饰,圣卡菲SANKAFFEE 2012正品韩国ol时尚璀璨925纯银心形相思叶水晶耳钉耳饰品 玫红色,珠宝首饰>银饰>戒指/耳饰>圣卡菲SANKAFFEE 2012正品韩...,京东商城,圣卡菲
1006007002,珠宝|水晶、玛瑙|耳饰,饰水琉年925纯银耳钉女款四爪水晶韩版时尚银耳饰,珠宝首饰>银饰>戒指/耳饰>饰水琉年925纯银耳钉女款四爪水晶韩版时...,京东商城,饰水琉年
1006007002,珠宝|水晶、玛瑙|耳饰,MaoMao 925纯银耳环 仿真猫眼石女士银耳饰耳坠 韩国时尚 水滴 5103 玛瑙红色,珠宝首饰>银饰>戒指/耳饰>MAO.MAO>MaoMao 925纯银耳环 仿真猫眼石...,京东商城,MAO.MAO旗舰店
1006007002,珠宝|水晶、玛瑙|耳饰,Swarovski 施华洛世奇 1065001 时尚精致镶水晶Milady链坠,礼品箱包>奢侈品>更多品牌>Swarovski 施华洛世奇 1065...,京东商城,第五大道奢侈品网京东官方旗舰店
1006007002,珠宝|水晶、玛瑙|耳饰,芯朵嫚薇-奥地利元素水晶耳钉耳饰-相思叶（海蓝）,珠宝首饰>水晶玛瑙>耳饰>芯朵嫚薇-奥地利元素水晶耳钉耳饰-相思叶...,京东商城,芯朵嫚薇
1006007002,珠宝|水晶、玛瑙|耳饰,Swarovski施华洛世奇水晶耳饰Harley-697315,礼品箱包>奢侈品>饰品> 施华洛世奇（Swarovski）>施华洛世奇耳饰,京东商城,施华洛世奇（Swarovski）
1006007002,珠宝|水晶、玛瑙|耳饰,比坚尼 繁星灿灿 天然黑曜石叶状水晶耳环 耳坠饰品 送女友 送母亲 生日礼物 节日礼物,珠宝首饰>水晶玛瑙>耳饰>比坚尼>比坚尼 繁星灿灿 天然黑曜石叶状水晶耳环...,京东商城,比坚尼
1006007002,珠宝|水晶、玛瑙|耳饰,Swarovski施华洛世奇 Night紫红月光穿孔耳环1076329,珠宝首饰>水晶玛瑙>耳饰>Swarovski施华洛世奇 Night...,京东商城,施华洛世奇水晶
1006007002,珠宝|水晶、玛瑙|耳饰,Swarovski施华洛世奇 1076345 优雅水晶NINA穿孔长链耳环 紫色,珠宝首饰>水晶玛瑙>耳饰>Swarovski施华洛世奇 10763...,京东商城,第五大道奢侈品网京东官方旗舰店
1006007002,珠宝|水晶、玛瑙|耳饰,Swarovski施华洛世奇 金色幸运四叶草耳环 1080287,珠宝首饰>水晶玛瑙>耳饰>Swarovski施华洛世奇 金色幸运四...,京东商城,施华洛世奇水晶
1006007002,珠宝|水晶、玛瑙|耳饰,Mbox饰品 梦蝶 韩国时尚气质蝴蝶结紫水晶耳环 女HC101004-2银紫,珠宝首饰>水晶玛瑙>耳饰>Mbox>Mbox饰品 梦蝶 韩国时尚气质蝴蝶结紫...,京东商城,Mbox
1006007002,珠宝|水晶、玛瑙|耳饰,音乐盒Mbox饰品 此情可待 水晶耳环采用施华洛世奇元素 HC0451-2银色,珠宝首饰>水晶玛瑙>耳饰>音乐盒Mbox饰品 此情可待 水晶耳环采...,京东商城,Mbox
1006007002,珠宝|水晶、玛瑙|耳饰,Martine Wester 玛汀薇思S12-130 相间英伦复古女士耳环金银色,珠宝首饰>水晶玛瑙>耳饰>Martine Wester 玛汀薇思S...,京东商城,第五大道奢侈品网京东官方旗舰店
1006007002,珠宝|水晶、玛瑙|耳饰,Martine Wester 玛汀薇思 S11-032心型水晶合金耳环 黑色,珠宝首饰>水晶玛瑙>耳饰>Martine Wester 玛汀薇思 ...,京东商城,第五大道奢侈品网京东官方旗舰店
1006007002,珠宝|水晶、玛瑙|耳饰,睿祥 情怀 S925银镶奥地利水晶耳钩--YE0007,珠宝首饰>水晶玛瑙>耳饰>睿祥 情怀 S925银镶奥地利水晶耳钩...,京东商城,睿祥珠宝
1006007002,珠宝|水晶、玛瑙|耳饰,睿祥 安逸情S925银镶奥地利水晶耳钩--YE0010,珠宝首饰>水晶玛瑙>耳饰>睿祥 安逸情S925银镶奥地利水晶耳钩-...,京东商城,睿祥珠宝
1006007002,珠宝|水晶、玛瑙|耳饰,盈满堂 天然碧玺碎石耳环,珠宝首饰>水晶玛瑙>耳饰>盈满堂>盈满堂 天然碧玺碎石耳环,京东商城,盈翠首饰
1006007002,珠宝|水晶、玛瑙|耳饰,迈姿饰品韩国奥地利水滴奥钻优雅天鹅香槟色耳钉新品 22-3D,珠宝首饰>水晶玛瑙>耳饰>迈姿（Maizi）>迈姿饰品韩国奥地利水滴奥钻优雅天鹅香槟色...,京东商城,迈姿旗舰店
1006007002,珠宝|水晶、玛瑙|耳饰,诗蔓 shiman时尚玛瑙 玉髓耳坠 送女友新款 时尚流行耳坠,珠宝首饰>水晶玛瑙>耳饰>诗蔓 shiman时尚玛瑙 玉髓耳坠 送...,京东商城,诗蔓品牌旗舰店
1006007002,珠宝|水晶、玛瑙|耳饰,货到付款灵气水晶天然金曜石时尚耳坠水晶耳坠,珠宝首饰>水晶玛瑙>耳饰>灵气水晶>货到付款灵气水晶天然金曜石时尚耳坠水晶耳...,京东商城,灵气水晶
1006007002,珠宝|水晶、玛瑙|耳饰,Beauty/碧靓 送礼精品 水晶耳环 925纯银 耳环 女 饰品 彩白色,珠宝首饰>水晶玛瑙>耳饰>Beauty/碧靓 送礼精品 水晶耳环 ...,京东商城,美丽饰界（碧靓）
1006007002,珠宝|水晶、玛瑙|耳饰,诗蔓 纯天然白砗磲耳坠 时尚复古耳饰 大气饰品 送女友,珠宝首饰>水晶玛瑙>耳饰>诗蔓 纯天然白砗磲耳坠 时尚复古耳饰...,京东商城,诗蔓品牌旗舰店
1006007002,珠宝|水晶、玛瑙|耳饰,拉薇 彩宝 AAAA级天然托帕石水晶 耳钉,珠宝首饰>水晶玛瑙>耳饰>拉薇>拉薇 彩宝 AAAA级天然托帕石水晶 耳...,京东商城,拉薇旗舰店
1006007002,珠宝|水晶、玛瑙|耳饰,JOLEE 纯天然水晶耳钉 925纯银 3色可选 送女友礼物 天然紫水晶,珠宝首饰>水晶玛瑙>耳饰>JOKER>JOLEE 纯天然水晶耳钉 925纯银 ...,京东商城,Jolee
1006007002,珠宝|水晶、玛瑙|耳饰,Glamorousky眩目蝴蝶耳环配流苏及蓝色奥地利水晶,珠宝首饰>水晶玛瑙>耳饰>Glamorousky眩目蝴蝶耳环配流苏...,京东商城,嘉娜莫斯星空
1006007002,珠宝|水晶、玛瑙|耳饰,Glamorousky耀目蝴蝶耳环配银色及紫色奥地利水晶,珠宝首饰>水晶玛瑙>耳饰>Glamorousky耀目蝴蝶耳环配银色...,京东商城,嘉娜莫斯星空
1006007002,珠宝|水晶、玛瑙|耳饰,伊泰莲娜 饰品 紫色丝绸 耳环水晶 合金电镀,珠宝首饰>水晶玛瑙>耳饰>伊泰莲娜>伊泰莲娜 饰品 紫色丝绸 耳环水晶 合金...,京东商城,清凉音
1006007002,珠宝|水晶、玛瑙|耳饰,诗妙雨 天然粉晶配红玛瑙耳坠 复古 藏银款耳饰,珠宝首饰>水晶玛瑙>耳饰>诗妙雨>诗妙雨 天然粉晶配红玛瑙耳坠 复古 藏银...,京东商城,伊珂薇珠宝
1006007002,珠宝|水晶、玛瑙|耳饰,伊泰莲娜 幸福的召唤 水晶 耳钉 仿珍珠,珠宝首饰>水晶玛瑙>耳饰>伊泰莲娜>伊泰莲娜 幸福的召唤 水晶 耳钉 仿珍珠,京东商城,清凉音
1006007002,珠宝|水晶、玛瑙|耳饰,SWAROVSKI 施华洛世奇 Diamanta 夹式耳环 973776,珠宝首饰>水晶玛瑙>耳饰>SWAROVSKI 施华洛世奇 Diam...,京东商城,施华洛世奇水晶
1006007002,珠宝|水晶、玛瑙|耳饰,SWAROVSKI 施华洛世奇 金色贝拉穿孔耳环 901640,珠宝首饰>水晶玛瑙>耳饰>SWAROVSKI 施华洛世奇 金色贝...,京东商城,施华洛世奇水晶
1006007002,珠宝|水晶、玛瑙|耳饰,Swarovski施华洛世奇 1062669 MILA穿孔耳环 深蓝色调,珠宝首饰>水晶玛瑙>耳饰>Swarovski施华洛世奇 10626...,京东商城,第五大道奢侈品网京东官方旗舰店
1006007002,珠宝|水晶、玛瑙|耳饰,蛟蓓饰品 晨曦光彩水晶耳环 合金电镀18K香槟金 奥地利水晶钻 12082707 晨曦光彩,珠宝首饰>时尚饰品>耳饰>蛟蓓饰品 晨曦光彩水晶耳环 合金电镀18...,京东商城,蛟蓓
1006007002,珠宝|水晶、玛瑙|耳饰,2014年新款 聚利时 奥地利水晶 优雅精致时尚女表 白盘黑带 JA-445,钟表>时尚品牌>聚利时 Julius>聚利时（Julius）>2014年新款 聚利时 奥地利水晶 优雅...,京东商城,逸生活手表
1006007002,珠宝|水晶、玛瑙|耳饰,MBox饰品 点点点爱 甜美水晶耳环采用施华洛世奇元素 HC0801-1水莲红,珠宝首饰>时尚饰品>耳饰>MBox饰品 点点点爱 甜美水晶耳环采用...,京东商城,Mbox
1006007002,珠宝|水晶、玛瑙|耳饰,蛟蓓 六色彩晶水晶耳环 电镀K金 施华元素水晶 48mmx12mm EDS11051706,珠宝首饰>时尚饰品>耳饰>蛟蓓 六色彩晶水晶耳环 电镀K金 施华元...,京东商城,蛟蓓
1006007002,珠宝|水晶、玛瑙|耳饰,Aimely爱魅力 妖娆妩媚 时尚日韩潮流 吉祥镂空彩钻合金耳环 镶嵌采用施华洛世奇元素水晶耳环,珠宝首饰>时尚饰品>耳饰>Aimely爱魅力 妖娆妩媚 时尚日韩潮...,京东商城,Aimely
1006007002,珠宝|水晶、玛瑙|耳饰,Aimely爱魅力 魅力无限 星光璀璨可爱彩钻五星耳坠 采用施华洛世奇水晶元素,珠宝首饰>时尚饰品>耳饰>Aimely爱魅力 魅力无限 星光璀璨可...,京东商城,Aimely
1006007002,珠宝|水晶、玛瑙|耳饰,Aimely爱魅力 雍容华贵 时尚典雅 瑞丽杂志款水晶耳坠耳环-黑色,珠宝首饰>时尚饰品>耳饰>Aimely爱魅力 雍容华贵 时尚典雅 ...,京东商城,Aimely
1006007002,珠宝|水晶、玛瑙|耳饰,bannystones 锆石水晶精致百搭 耳环 2款颜色 礼物 银色,珠宝首饰>时尚饰品>耳饰>bannystones 锆石水晶精致百搭...,京东商城,bannystones
1006007002,珠宝|水晶、玛瑙|耳饰,艾美Emmy饰品原创金蛇造型异域风情饰品埃及美伦水晶耳坠 女 礼服 生日礼物,珠宝首饰>时尚饰品>耳饰>Emmy>艾美Emmy饰品原创金蛇造型异域风情饰品...,京东商城,Emmy
1006007002,珠宝|水晶、玛瑙|耳饰,贝美芬 925纯银天使眼水滴耳环 进口奥地利水晶 纯银耳环 耳坠 女生饰品 3mm红色42厘米,珠宝首饰>时尚饰品>饰品配件>其它>贝美芬 925纯银天使眼水滴耳环 进口奥...,京东商城,贝美芬旗舰店
1006007002,珠宝|水晶、玛瑙|耳饰,金陵十二钗 经典时尚百搭玛瑙耳坠hqhe0037,珠宝首饰>银饰>戒指/耳饰>金陵十二钗 经典时尚百搭玛瑙耳坠hqhe...,京东商城,金陵 十二钗
1006007002,珠宝|水晶、玛瑙|耳饰,欧若雅 奥地利水晶 耳钉 仲夏,珠宝首饰>水晶玛瑙>耳饰>欧若雅 奥地利水晶 耳钉 仲夏,京东商城,欧若雅
1006007002,珠宝|水晶、玛瑙|耳饰,千寻海风Findwind-采用施华洛世奇元素 梅花水晶耳环 女款 生日礼物,珠宝首饰>水晶玛瑙>耳饰>千寻海风（Findwind）>千寻海风Findwind-采用施华洛世奇...,京东商城,千寻海风
1006007002,珠宝|水晶、玛瑙|耳饰,Swarovski 施华洛世奇 1128051 渐变HYACINTH耳环 淡蓝色,珠宝首饰>水晶玛瑙>耳饰>Swarovski 施华洛世奇 1128...,京东商城,第五大道奢侈品网京东官方旗舰店
1006007002,珠宝|水晶、玛瑙|耳饰,睿蓝 奥地利材质水晶 奥地利进口 水晶耳环 许愿石女款式耳坠 粉色,珠宝首饰 > 耳饰,亚马逊(卓越网),
1006007002,珠宝|水晶、玛瑙|耳饰,周大福 年青专区福星宝宝系列健康宝宝镶紫晶925银耳钉 AN6632,所有分类 > 箱包、珠宝饰品、钟表 > 流行饰品 > 其他饰品 > 耳饰 > 周大福,1号店,
1006007002,珠宝|水晶、玛瑙|耳饰,易燃火山 925银紫色晶石耳坠 女 SYE0071A七夕 情人节礼物,所有分类 > 箱包、珠宝饰品、钟表 > 流行饰品 > 水晶玛瑙 > 耳饰 > 易燃火山,1号店,
1006007002,珠宝|水晶、玛瑙|耳饰,蛟蓓 蛇美人水晶流苏耳环 女,所有分类>珠宝/饰品/手表/眼镜>饰品/流行首饰/时尚新品>耳饰>蛟蓓>蛟蓓 蛇美人水晶流苏...,1号店,蛟蓓
1006007002,珠宝|水晶、玛瑙|耳饰,银时代925纯银饰品奥地利水晶耳环女可爱小雪人耳坠262303621600,首页>配饰>流行饰品>耳饰,银泰网,silver age
1006007002,珠宝|水晶、玛瑙|耳饰,易燃火山 925银镀白金瑞士蓝色水晶耳坠 送项链 女 SYE0078B情人节礼物 生日礼物,所有分类 > 箱包、珠宝饰品、钟表 > 流行饰品 > 水晶玛瑙 > 耳饰 > 易燃火山,1号店,
1006007002,珠宝|水晶、玛瑙|耳饰,MINT 花朵奥地利水晶耳环,所有分类 > 箱包、珠宝饰品、钟表 > 流行饰品 > 水晶玛瑙 > 耳饰 > MINT,1号店,
1006007002,珠宝|水晶、玛瑙|耳饰,蛟蓓 格雷诺吊多彩钻水晶耳环1100703018 如图色,首页 >配饰 >时尚饰品 >耳饰 >蛟蓓 格雷诺吊多彩钻水晶耳环1100703018,vjia,蛟蓓旗舰店
1006007002,珠宝|水晶、玛瑙|耳饰,Mbox 耳环 女 韩版时尚奥地利水晶潮人百搭耳饰品 爱的臂弯HC2518 古典粉红,首页 >配饰 >时尚饰品 >耳饰 >Mbox 耳环 女 韩版时尚奥地利水晶潮人百搭耳饰品 爱的臂弯HC2518,vjia,Mbox旗舰店
1006007002,珠宝|水晶、玛瑙|耳饰,蛟蓓 拉合尔猫眼石水晶耳饰12032109 蓝色,首页 >配饰 >时尚饰品 >耳饰 >蛟蓓 拉合尔猫眼石水晶耳饰12032109,vjia,蛟蓓旗舰店
1006007002,珠宝|水晶、玛瑙|耳饰,蛟蓓 布加斯水晶柱耳环 925纯银耳饰EHS11042405 如图色,首页 >配饰 >时尚饰品 >耳饰 >蛟蓓 布加斯水晶柱耳环 925纯银耳饰EHS11042405,vjia,蛟蓓旗舰店
1006007002,珠宝|水晶、玛瑙|耳饰,金陵十二钗 浪漫水晶炫彩夺目耳坠vhqhe0043 黄色,首页 >配饰 >时尚饰品 >耳饰 >金陵十二钗 浪漫水晶炫彩夺目耳坠vhqhe0043,vjia, 金陵十二钗饰品旗舰店
1006007002,珠宝|水晶、玛瑙|耳饰,Mbox 耳环 女 韩版时尚水晶锆石钻玫瑰花饰品 风华绝世HC2223 金色,首页 >配饰 >时尚饰品 >耳饰 >Mbox 耳环 女 韩版时尚水晶锆石钻玫瑰花饰品 风华绝世HC2223,vjia,Mbox旗舰店
1006007002,珠宝|水晶、玛瑙|耳饰,新光饰品 蝴蝶许愿石 水晶 耳环 彩白,首页 > 时尚衣橱 > 时尚饰品 > 潮流饰品 > 耳饰 > 新光饰品 > 新光饰品 蝴蝶许愿石 水晶 耳环 彩白,品聚网,新光饰品
1006007002,珠宝|水晶、玛瑙|耳饰,adivon 女子时尚运动休闲夹克 B15504 水晶兰 M,服饰内衣>运动>夹克>adivon>adivon 女子时尚运动休闲夹克 B1...,京东商城,adivon
1006007002,珠宝|水晶、玛瑙|耳饰,贝美芬 正品施华洛水晶元素 伊泰莲 时尚套装项链加耳环 时尚划算,珠宝首饰>时尚饰品>项链>其它>贝美芬 正品施华洛水晶元素 伊泰莲 时尚...,京东商城,贝美芬
1006007002,珠宝|水晶、玛瑙|耳饰,圣卡菲 饰品耳环 采用施华洛世奇水晶元素 韩国OL璀璨时水晶耳环 心动耳环 淡黄色 长度2-4cm,珠宝首饰>时尚饰品>耳饰>圣卡菲 饰品耳环 采用施华洛世奇水晶元素...,京东商城,圣卡菲
1006007002,珠宝|水晶、玛瑙|耳饰,【CLINGCLING】时尚 简约 经典 甜美 韩版 OL 饰品黑色红色绚丽水晶耳环11210603190,珠宝首饰>时尚饰品>耳饰>【CLINGCLING】时尚 简约 经典...,京东商城,ClingCling饰品
1006007002,珠宝|水晶、玛瑙|耳饰,bannystones 长款黑色水晶锆石耳环 宴会首选 女 礼物,珠宝首饰>时尚饰品>耳饰>bannystones 长款黑色水晶锆石...,京东商城,bannystones
1006007002,珠宝|水晶、玛瑙|耳饰,伊泰莲娜 玫瑰洛丽塔水晶耳环 电镀白金,珠宝首饰>时尚饰品>耳饰>伊泰莲娜>伊泰莲娜 玫瑰洛丽塔水晶耳环 电镀白金,京东商城,伊泰莲娜
1006007002,珠宝|水晶、玛瑙|耳饰,女人节送礼 海雯妮饰品 彩云追月 韩国韩版时尚 优雅复古满钻OL 女 精致水晶耳环 耳饰 香槟色,珠宝首饰>时尚饰品>耳饰>海雯妮>女人节送礼 海雯妮饰品 彩云追月 韩国韩...,京东商城,海雯妮
1006007002,珠宝|水晶、玛瑙|耳饰,千寻海风Findwind-采用施华洛世奇元素 纯银爱之泉水晶耳环/耳坠/耳饰 送女友礼物,珠宝首饰>水晶玛瑙>耳饰>千寻海风Findwind-采用施华洛世奇...,京东商城,千寻海风
1006007002,珠宝|水晶、玛瑙|耳饰,Sarah 莎拉公主-奥地利水晶耳钉 幸福之石几何心语 蓝色,珠宝首饰>水晶玛瑙>耳饰>Sarah 莎拉公主-奥地利水晶耳钉 幸...,京东商城,Sarah莎拉公主
1006007002,珠宝|水晶、玛瑙|耳饰,【YOUSOO】串起幸福感爱的收获水晶耳坠(送精品包装盒),首页 > 饰品 > 耳饰 >  【YOUSOO】串起幸福感爱的收获水晶耳坠(送精品包装盒),D1优尚网,YOUSOO
1006007002,珠宝|水晶、玛瑙|耳饰,本手 M328N 游戏办公家用专业鼠标 水晶镜面时尚USB 银黑色,首页 >电脑办公 >外设产品 >鼠标 >本手 M328N 游戏办公家用专业鼠标 水晶镜面时尚USB,vjia,本手
1006007002,珠宝|水晶、玛瑙|耳饰,SDO 饰度-奥地利水晶耳环-月亮河-海蓝,珠宝首饰 > 耳饰 > 耳环,亚马逊(卓越网),SDO 饰度
1006007002,珠宝|水晶、玛瑙|耳饰,施华洛世奇 水晶自然色 黑色 Harley Jet Hematite 穿孔耳环套装 992847,首页> 女士配饰> 女士耳饰> Swarovski,珍品网,Swarovski (施华洛世奇)
1006007002,珠宝|水晶、玛瑙|耳饰,卡伊哇哇奥地利水晶耳坠玲珑巧思084858,首页 > 耳饰 > 坠 > 卡伊哇哇奥地利水晶耳坠玲珑巧思084858,乐蜂网,卡伊哇哇
1006007002,珠宝|水晶、玛瑙|耳饰,紫色玫瑰耳环配杂彩色施华洛世奇元素水晶及 送女友 老婆 朋友高端生日 母亲节礼物,珠宝首饰 > 耳饰 > 耳环,亚马逊(卓越网),Glamorousky嘉娜莫斯星空
1006007002,珠宝|水晶、玛瑙|耳饰,Swarovski 施华洛世奇 水晶 ROCKET:穿孔耳环-1128045,珠宝首饰 > 耳饰 > 耳环,亚马逊(卓越网),Swarovski 施华洛世奇
1006007002,珠宝|水晶、玛瑙|耳饰,Krementz 韦文氏 珐琅100%纯正水晶心形耳环 01433766/,珠宝首饰/类别/耳饰/耳环,亚马逊(卓越网),Krementz 韦文氏
1006007002,珠宝|水晶、玛瑙|耳饰,Italina 伊泰莲娜 &quot;幸运&quot;仿水晶耳饰 1202520-20100,首页 > 错误信息,新蛋商城,伊泰莲娜/Italina
1006007002,珠宝|水晶、玛瑙|耳饰,NaYeMoa 耳环 AB 施华洛世奇 水晶 纯银 耳针 BSN060E_1 韩国进口,首页 > 首饰 > 水晶饰品 > NAYEMOA > 产品编号: S2C-2JN-16C_097,新蛋商城,NAYEMOA
1006007002,珠宝|水晶、玛瑙|耳饰,NaYeMoa 耳环 SILVERSHADE 施华洛世奇 水晶 纯银 耳针 BSN097E_3 韩国进口,首页 > 首饰 > 水晶饰品 > NAYEMOA > 产品编号: S2C-2JN-163_097,新蛋商城,NAYEMOA
1006007002,珠宝|水晶、玛瑙|耳饰,幸福里拼接质感水晶果冻包米白色HL120404,首页>箱包>时尚女包>单肩包,银泰网,Happy Lane
1006007002,珠宝|水晶、玛瑙|耳饰,Crystal Girl 奥地利水晶耳环-颖丽（玫瑰金+彩色）,珠宝首饰 > 耳饰 > 耳环,亚马逊(卓越网),Crystal Girl 水晶女孩
1006007002,珠宝|水晶、玛瑙|耳饰,NaYeMoa 耳环 WHITE AB 施华洛世奇 水晶 纯银 耳针 BSN058E_1 韩国进口,首页 > 首饰 > 水晶饰品 > NAYEMOA > 产品编号: S2C-2JN-16M_097,新蛋商城,NAYEMOA
1006007002,珠宝|水晶、玛瑙|耳饰,NaYeMoa 耳环 SILVERSHADE 施华洛世奇 水晶 纯银 耳针 BSN089E_3 韩国进口,首页 > 首饰 > 水晶饰品 > NAYEMOA > 产品编号: S2C-2JN-169_097,新蛋商城,NAYEMOA
1006007002,珠宝|水晶、玛瑙|耳饰,爱国者（aigo）DPF805D 8英寸数码相框 1G存储 水晶亚克力外观 图片音视频闹钟日历多功能 前白后黑,数码>时尚影音>数码相框>爱国者（aigo）>爱国者DPF805D,京东商城,爱国者（aigo）
1006007002,珠宝|水晶、玛瑙|耳饰,德鑫明（dexim）DLA249U 适用于iPhone5 0.35mm超薄手机壳 磨砂 防指纹 外壳 水晶紫,数码>时尚影音>苹果配件>德鑫明（dexim）>德鑫明（dexim）DLA249U 适用...,京东商城,德鑫明苹果用品专卖店
1006007002,珠宝|水晶、玛瑙|耳饰,卡伊哇哇 奥地利水晶耳坠紫蝴蝶传奇真爱5132,首页 > 耳饰 > 坠 > 卡伊哇哇 奥地利水晶耳坠紫蝴蝶传奇真爱5132,乐蜂网,卡伊哇哇
1006007002,珠宝|水晶、玛瑙|耳饰,Skque® 斯克尤 苹果Apple MacBook Pro 13 with Retina display时尚水晶保护壳 黄色,电脑\\IT > 外设产品 > 平板电脑配件 > 保护套、内胆包 > 保护套、壳,亚马逊(卓越网),Skque®
1006007002,珠宝|水晶、玛瑙|耳饰,SDO 饰度-奥地利水晶耳环-海蓝【可爱天鹅】,珠宝首饰 > 耳饰 > 耳环,亚马逊(卓越网),Sdo 饰度
1006007002,珠宝|水晶、玛瑙|耳饰,ichebella爱池贝拉 意大利限量原创 欧美个性粉红色釉彩水晶耳环 40140N,珠宝首饰 > 耳饰 > 耳坠 ,亚马逊(卓越网),Ichebella 爱池贝拉
1006007002,珠宝|水晶、玛瑙|耳饰,同班同学 进口奥地利水晶耳坠 写意心形宝石蓝耳钩 TE26036,珠宝首饰 > 耳饰 > 耳坠,亚马逊(卓越网),同班同学
1006007002,珠宝|水晶、玛瑙|耳饰,OBA 简约时尚纯色/可爱波点牛皮手提单肩女包包多用包2041 水晶金,礼品箱包>潮流女包>单肩包>OBA 简约时尚纯色/可爱波点牛皮手提单...,京东商城,OBA旗舰店
1006007002,珠宝|水晶、玛瑙|耳饰,绚丽姿 奥地利水晶 水晶 耳饰 耳环 磐石 玫红色,珠宝首饰>时尚饰品>耳饰>绚丽姿 奥地利水晶 水晶 耳饰 耳环 磐...,京东商城,绚丽姿
1006007002,珠宝|水晶、玛瑙|耳饰,全国联保 施华洛世奇 Swarovski 红色情人泪穿孔水晶挂钩耳环 1032280,珠宝首饰>时尚饰品>耳饰>施华洛世奇（Swarovski）>全国联保 施华洛世奇 Swarovski...,京东商城,欧尚旗舰店
1006007002,珠宝|水晶、玛瑙|耳饰,【爆爆爆款】welina珠宝个性化时尚饰品耳饰 合金耳环 水晶新款耳环 金色玫瑰,珠宝首饰>时尚饰品>耳饰>welina>【爆爆爆款】welina珠宝个性化时尚饰...,京东商城,维莉娜
1006007002,珠宝|水晶、玛瑙|耳饰,东邦贵石 舞彩水晶 3A锆石（S925纯银耳勾） 耳饰 红色,珠宝首饰>时尚饰品>耳饰>东邦贵石 舞彩水晶 3A锆石（S925纯...,京东商城,东邦贵石
1006007002,珠宝|水晶、玛瑙|耳饰,汉米斯（H+C）欧美复古镶瑞士钻黑白水晶 夸张大耳环耳饰 女 黑白色,珠宝首饰>时尚饰品>耳饰>汉米斯（H+C）欧美复古镶瑞士钻黑白水晶...,京东商城,H+C汉米斯
1006007002,珠宝|水晶、玛瑙|耳饰,JUKO天使男孩奥地利水晶耳环 项链 套装镀金防过敏时尚个性jk-s044 一套,珠宝首饰>时尚饰品>耳饰>JUKO天使男孩奥地利水晶耳环 项链 套...,京东商城,Juko饰品店
1006007002,珠宝|水晶、玛瑙|耳饰,LES NEREIDES 水晶复古系列 手切面圆玻璃耳环 WBB104D/7 法国首饰品牌,珠宝首饰>时尚饰品>耳饰>LES NEREIDES>LES NEREIDES 水晶复古系列 ...,京东商城,LES NEREIDES
1006007002,珠宝|水晶、玛瑙|耳饰,柏荷baihe 2012新款时尚流行饰品 奥地利水晶耳环--美痕 耳环五色之选 白色,珠宝首饰>时尚饰品>耳饰>柏荷baihe 2012新款时尚流行饰...,京东商城,柏荷
1006007002,珠宝|水晶、玛瑙|耳饰,伊泰莲娜 情留半天 水晶耳环,珠宝首饰>时尚饰品>耳饰>伊泰莲娜>伊泰莲娜 情留半天 水晶耳环,京东商城,伊泰莲娜
1006007002,珠宝|水晶、玛瑙|耳饰,茵娜 韩国925银水晶流苏耳环 女 绿色,珠宝首饰>时尚饰品>耳饰>茵娜 韩国925银水晶流苏耳环 女 绿色,京东商城,茵娜
1006007002,珠宝|水晶、玛瑙|耳饰,金朗达 耳环 耳饰 女 采用高档奥地利水晶 礼品 相依 首饰饰品 紫色,珠宝首饰>时尚饰品>耳饰>金朗达 耳环 耳饰 女 采用高档奥地利水...,京东商城,金朗达
1006007002,珠宝|水晶、玛瑙|耳饰,女人节送礼 海雯妮饰品 天使泪水滴 韩版时尚简约 OL小清新女 优雅奥地利水晶耳环耳饰 玫红色,珠宝首饰>时尚饰品>耳饰>海雯妮>女人节送礼 海雯妮饰品 天使泪水滴 韩版...,京东商城,海雯妮
1006007002,珠宝|水晶、玛瑙|耳饰,静风格 森林之钥水晶耳环 采用施华洛世奇元素 B1211001 黑钻石136 钥匙水晶高3cm宽1.3cm,珠宝首饰>时尚饰品>耳饰>静风格（stylejing）>静风格 森林之钥水晶耳环 采用施华洛世奇...,京东商城,静风格京东旗舰店
1006007002,珠宝|水晶、玛瑙|耳饰,音乐盒Mbox耳钉 女 韩版时尚奥地利水晶优雅花朵饰品 月夜行HC21106 浅黄水晶,珠宝首饰>时尚饰品>耳饰>Mbox>音乐盒Mbox耳钉 女 韩版时尚奥地利水...,京东商城,Mbox
1006007002,珠宝|水晶、玛瑙|耳饰,海雯妮饰品 韩版时尚 女 小清新气质雏菊花贝壳水晶耳钉 白贝壳,珠宝首饰>时尚饰品>耳饰>海雯妮饰品 韩版时尚 女 小清新气质雏菊...,京东商城,海雯妮
1006007002,珠宝|水晶、玛瑙|耳饰,海雯妮饰品 韩国时尚女气质OL清新雏菊花朵贝壳水晶耳钉 白贝壳,珠宝首饰>时尚饰品>耳饰>海雯妮饰品 韩国时尚女气质OL清新雏菊花...,京东商城,海雯妮
1006007002,珠宝|水晶、玛瑙|耳饰,海雯妮饰品 温柔珊瑚海之恋韩国时尚 女 水晶耳环 金色,珠宝首饰>时尚饰品>耳饰>海雯妮饰品 温柔珊瑚海之恋韩国时尚 女 ...,京东商城,海雯妮
1006007002,珠宝|水晶、玛瑙|耳饰,妆点女人 玫瑰花语 奥地利进口水晶耳坠 水晶耳环 耳饰 E36 水莲红,珠宝首饰>时尚饰品>耳饰>妆点女人>妆点女人 玫瑰花语 奥地利进口水晶耳坠 ...,京东商城,妆点女人旗舰店
1006007002,珠宝|水晶、玛瑙|耳饰,Anytime艾她925纯银防过敏泰银白色透明水晶日韩耳坠耳饰女TE0119,珠宝首饰>银饰>戒指/耳饰>Anytime>Anytime艾她925纯银防过敏泰银白...,京东商城,艾她珠宝
1006007002,珠宝|水晶、玛瑙|耳饰,饰水琉年925纯银耳环女款水晶耳坠猫眼石效应长款银耳饰 粉红色,珠宝首饰>银饰>戒指/耳饰>饰水琉年>饰水琉年925纯银耳环女款水晶耳坠猫眼石...,京东商城,饰水琉年
1006007002,珠宝|水晶、玛瑙|耳饰,京品年货【宝菲尔】奇葩系列 925银镶彩宝之天然黄水晶经典完美爱耳钉女款（助财运）,珠宝首饰>水晶玛瑙>耳饰>宝菲尔（BOFIEER）>京品年货【宝菲尔】奇葩系列 925银镶彩...,京东商城,宝菲尔珠宝
1006007002,珠宝|水晶、玛瑙|耳饰,凤凰涅磐 原创中国风手工饰品 黑玛瑙彩瓷耳环 女 K1109042816,珠宝首饰>水晶玛瑙>耳饰>凤凰涅磐 原创中国风手工饰品 黑玛瑙彩瓷...,京东商城,凤凰涅磐
1006007002,珠宝|水晶、玛瑙|耳饰,初雨轩 925银镶天然绿玛瑙耳环 长款 耳坠 韩版 女 耳饰饰品,珠宝首饰>水晶玛瑙>耳饰>初雨轩>初雨轩 925银镶天然绿玛瑙耳环 长款 ...,京东商城,初氏珠宝旗舰店
1006007002,珠宝|水晶、玛瑙|耳饰,Swarovski 施华洛世奇 MIKA穿孔耳环1058863 支持货到付款,珠宝首饰>水晶玛瑙>耳饰>Swarovski 施华洛世奇 MIKA...,京东商城,施华洛世奇专卖店
1006007002,珠宝|水晶、玛瑙|耳饰,Martine Wester 黑色亚克力水晶合金闪耀女士耳环 S12-123 JET 玛汀薇思,珠宝首饰>水晶玛瑙>耳饰>Martine Wester 黑色亚克...,京东商城,第五大道奢侈品网京东官方旗舰店
1006007002,珠宝|水晶、玛瑙|耳饰,芯朵嫚薇—925纯银绿玛瑙耳钉,珠宝首饰>水晶玛瑙>耳饰>芯朵嫚薇—925纯银绿玛瑙耳钉,京东商城,芯朵嫚薇
1006007002,珠宝|水晶、玛瑙|耳饰,芯朵嫚薇-泰国老银匠手工泰银宫廷复古耳环-因缘,珠宝首饰>水晶玛瑙>耳饰>芯朵嫚薇-泰国老银匠手工泰银宫廷复古耳环...,京东商城,芯朵嫚薇
1006007002,珠宝|水晶、玛瑙|耳饰,Swarovski施华洛世奇海蓝银彩方水晶耳环1098475,珠宝首饰>水晶玛瑙>耳饰>Swarovski施华洛世奇海蓝银彩方水...,京东商城,瑞凯兴成
1006007002,珠宝|水晶、玛瑙|耳饰,八九不离石 永结同心天然黑曜石绿玛瑙耳坠9mm15mm16mm附证书,珠宝首饰>水晶玛瑙>耳饰>八九不离石>八九不离石 永结同心天然黑曜石绿玛瑙耳坠...,京东商城,八九不离石
1006007002,珠宝|水晶、玛瑙|耳饰,妃晶 纯天然绿幽灵耳钉美容 补血养颜,珠宝首饰>水晶玛瑙>耳饰>妃晶 纯天然绿幽灵耳钉美容 补血养颜,京东商城,妃晶
1006007002,珠宝|水晶、玛瑙|耳饰,Swarovski施华洛世奇 金色幸运四叶草耳环 1080287,珠宝首饰>水晶玛瑙>耳饰>施华洛世奇（Swarovski）>Swarovski施华洛世奇 金色幸运四...,京东商城,施华洛世奇专卖店
1006007002,珠宝|水晶、玛瑙|耳饰,诗蔓 纯天然红玛瑙藏银耳坠 改善皮肤 时尚首饰 水晶首饰,珠宝首饰>水晶玛瑙>耳饰>诗蔓 纯天然红玛瑙藏银耳坠 改善皮肤 时...,京东商城,诗蔓品牌旗舰店
1006007002,珠宝|水晶、玛瑙|耳饰,隆晶 避煞增记忆 天然白水晶耳坠耳环耳环 星形款蝴蝶款 925银,珠宝首饰>水晶玛瑙>耳饰>隆晶>隆晶 避煞增记忆 天然白水晶耳坠耳环耳环...,京东商城,隆晶
1006007002,珠宝|水晶、玛瑙|耳饰,女人节送礼 海雯妮饰品 可爱山茶花 人造猫眼石贝壳 韩国韩版时尚清新优雅女款 水晶耳环耳饰 金白,珠宝首饰>时尚饰品>耳饰>海雯妮>女人节送礼 海雯妮饰品 可爱山茶花 人造...,京东商城,海雯妮
1006007002,珠宝|水晶、玛瑙|耳饰,【shovan】法国风情 欧美 时尚 多色 水晶 耳环/耳坠 女SV26165 天蓝色,珠宝首饰>时尚饰品>耳饰>【shovan】法国风情 欧美 时尚 多...,京东商城,绝配饰界
1006007002,珠宝|水晶、玛瑙|耳饰,千寻海风饰品 舞动旋律水晶耳环 流苏 长款 礼品 送女友生日礼物 玫瑰金,珠宝首饰>时尚饰品>耳饰> 千寻海风（Findwind）>千寻海风饰品 舞动旋律水晶耳环 流苏 长...,京东商城,千寻海风
1006007002,珠宝|水晶、玛瑙|耳饰,妖金 韩版时尚 S型镶锆石925纯银耳扣耳环耳饰女银饰品 222092,珠宝首饰>银饰>戒指/耳饰>妖金>妖金 韩版时尚 S型镶锆石925纯银耳扣...,京东商城,妖金
1006007002,珠宝|水晶、玛瑙|耳饰,SWAROVSKI施华洛世奇墨蓝色雨滴耳环 1062667,珠宝首饰>水晶玛瑙>耳饰>SWAROVSKI施华洛世奇墨蓝色雨滴耳...,京东商城,施华洛世奇水晶
1006007002,珠宝|水晶、玛瑙|耳饰,SWAROVSKI施华洛世奇粉白色套装耳钉992846,珠宝首饰>水晶玛瑙>耳饰>SWAROVSKI施华洛世奇粉白色套装耳...,京东商城,施华洛世奇水晶
1006007002,珠宝|水晶、玛瑙|耳饰,Martine Wester 玛汀薇思 施华洛世奇水晶花朵造型女士耳钉 S11-045 黑色,珠宝首饰>水晶玛瑙>耳饰>Martine Wester 玛汀薇思 ...,京东商城,第五大道奢侈品网京东官方旗舰店
1006007002,珠宝|水晶、玛瑙|耳饰,银时代 饰品 925纯银 采用施华洛世奇元素水晶耳环 女 心之寻耳饰262304621 白色,首页 >配饰 >时尚饰品 >耳饰 >银时代 饰品 925纯银 采用施华洛世奇元素水晶耳环 女 心之寻耳饰262304621,vjia,银时代饰品旗舰店
1006007002,珠宝|水晶、玛瑙|耳饰,CAROMAY 卡洛美 韩国时尚贝壳珍珠坠蝴蝶结水晶锆钻耳饰,珠宝首饰/类别/耳饰,亚马逊(卓越网),CAROMAY 卡洛美
1006007002,珠宝|水晶、玛瑙|耳饰,精致菱形耳环配蓝色施华洛世奇元素水晶 源自香港品牌 大自然元素为设计灵感 春暖花开 清新优雅风 高端礼盒 生日礼物,珠宝首饰 > 耳饰 > 耳环,亚马逊(卓越网),Glamorousky 嘉娜莫斯星空
1006007002,珠宝|水晶、玛瑙|耳饰,Pugster 施华洛世奇水晶马蹄莲透明紫水晶/百搭款/浪漫爱情水晶/欧美时尚饰品/职场女性必备精品/ 简单有气质/波西米亚森女小清新,珠宝首饰 > 耳饰,亚马逊(卓越网),Pugster 好饰界
1006007002,珠宝|水晶、玛瑙|耳饰,Martine Wester 玛汀薇思 黑矿色椭圆型水晶饰合金耳坠 s10-097 -jet,饰品>戒指>耳环,第五大道奢侈品网,Martine Wester  玛汀薇思
1006007002,珠宝|水晶、玛瑙|耳饰,Swarovski施华洛世奇 月光色迷人水晶NIGHT-TIME穿孔耳环1076298,饰品>戒指>耳环,第五大道奢侈品网,Swarovski  施华洛世奇
1006007002,珠宝|水晶、玛瑙|耳饰,Dolce &amp; Gabbana D&amp;G 红色LOGO水晶钻时尚女表 DW0144 ,钟表>女表,第五大道奢侈品网,Dolce &amp; Gabbana 
1006007002,珠宝|水晶、玛瑙|耳饰,Pugster 好饰界 施华洛世奇 串成爱炫亮水晶女耳环耳坠耳饰 香槟色,珠宝首饰 > 耳饰,亚马逊(卓越网),Pugster 好饰界
1006007002,珠宝|水晶、玛瑙|耳饰,Pugster 施华洛世奇水晶银弧耳环紫色绿色水晶耳环/百搭款/浪漫爱情水晶/欧美时尚饰品/职场女性必备精品/ 简单有气质/波西米亚森女小清新,珠宝首饰 > 耳饰,亚马逊(卓越网),Pugster 好饰界
1006007002,珠宝|水晶、玛瑙|耳饰,Pugster 施华洛世奇水晶椭圆形耳环矩形耳环/百搭款/浪漫爱情水晶/欧美时尚饰品/职场女性必备精品/ 简单有气质/波西米亚森女小清新,珠宝首饰 > 耳饰,亚马逊(卓越网),Pugster 好饰界
1006007002,珠宝|水晶、玛瑙|耳饰
,新光-施华洛水晶-耳饰-楼澜,首页 > 时尚饰品 > 耳钉/耳环/耳坠 > 新光 > 新光-施华洛水晶-耳饰-楼澜,天天网,新光
1006007002,珠宝|水晶、玛瑙|耳饰,新光饰品 2012年新款 露 水晶耳环 女 奥地利进口水晶 韩版 荧光绿,珠宝首饰 > 耳饰 > 耳环,亚马逊(卓越网),新光饰品
1006007002,珠宝|水晶、玛瑙|耳饰,Swarovski 施华洛世奇 优雅悬空水晶耳环 1070061,珠宝首饰 > 耳饰 > 耳环,亚马逊(卓越网),Swarovski 施华洛世奇
1006007002,珠宝|水晶、玛瑙|耳饰,优古.玛蒂娜金色 白色女士情缘水晶耳环4013020039，F,首页>配饰>金银珠宝>水晶/琥珀/蜜,银泰网,UGO MATTINA
1006007002,珠宝|水晶、玛瑙|耳饰,优古.玛蒂娜金色 彩色女士粉色水晶之星耳环4013020035，F,首页>配饰>金银珠宝>水晶/琥珀/蜜,银泰网,UGO MATTINA
1006007002,珠宝|水晶、玛瑙|耳饰,Mbox 耳环 女 韩版时尚奥地利水晶 采用韩国链搭配耳饰 不规则HC21122 水晶金属浅金,首页 >配饰 >时尚饰品 >耳饰 >Mbox 耳环 女 韩版时尚奥地利水晶 采用韩国链搭配耳饰 不规则HC21122,vjia,Mbox旗舰店
1006007002,珠宝|水晶、玛瑙|耳饰,Mbox 耳环 女 采用施华洛世奇元素水晶 甜美可爱 小资雨玲珑HC0411 银色,首页 >配饰 >时尚饰品 >耳饰 >Mbox 耳环 女 采用施华洛世奇元素水晶 甜美可爱 小资雨玲珑HC0411,vjia,Mbox旗舰店
1006007002,珠宝|水晶、玛瑙|耳饰,施华洛世奇 水晶自然色 Sheena 穿孔耳环 1144253,首页 > 耳饰> 综合,乐蜂网,本商品由  Swarovski施华洛世奇
1006007002,珠宝|水晶、玛瑙|耳饰,新光饰品 星光异彩镶钻水滴耳环 采用施华洛世奇元素 水晶耳饰 女 藕荷紫色,珠宝首饰 > 耳饰 > 耳环,亚马逊(卓越网),新光饰品
1006007002,珠宝|水晶、玛瑙|耳饰,Swarovski施华洛世奇 浅粉蓝水晶Galet穿孔耳环949740（2011年新款）,珠宝首饰/类别/耳饰/耳环,亚马逊(卓越网),Swarovski 施华洛世奇
1006007002,珠宝|水晶、玛瑙|耳饰,范茜 FANCY 饰品 水晶 耳环 进口 锆石首饰 海洋之心 耳饰 PE262,珠宝首饰/类别/耳饰/耳环,亚马逊(卓越网),范茜 FANCY
1006007002,珠宝|水晶、玛瑙|耳饰,Sergio Rossi 塞乔·罗西 珐琅100%纯正水晶耳环,首饰 > 耳饰,寺库,塞乔罗西
1006007002,珠宝|水晶、玛瑙|耳饰,● iruby茹碧 925纯银镶施华洛小水晶耳环RE25064,首页 > 精品饰物 > 饰品 > 耳饰 >,广州百货,iRUBY茹碧
1006007002,珠宝|水晶、玛瑙|耳饰,adivon 2013夏季新款时尚女式开胸连帽卫衣B31202 水晶蓝,首页 >运动户外 >运动服 >卫衣 >adivon 2013夏季新款时尚女式开胸连帽卫衣B31202,vjia,adivon官方旗舰店
1006007002,珠宝|水晶、玛瑙|耳饰,SWAROVSKI施华洛世奇 藕荷紫色水晶耳钉 1106430,珠宝首饰>水晶玛瑙>耳饰>SWAROVSKI施华洛世奇 藕荷紫色水...,京东商城,施华洛世奇水晶专卖店
1006007002,珠宝|水晶、玛瑙|耳饰,【Ruby Rubbie】EH-7962-施华洛世奇授权-专柜品质-奥地利水晶耳钉--眷恋（蓝锆石+香槟金）,珠宝首饰>水晶玛瑙>耳饰>【Ruby Rubbie】EH-7962...,京东商城,Ruby Rubbie
1006007002,珠宝|水晶、玛瑙|耳饰,Glamorousky 高雅黑色玫瑰耳环配水晶琉璃 送女友 老婆 朋友 七夕情人节礼物,珠宝首饰>时尚饰品>耳饰>Glamorousky 高雅黑色玫瑰耳环...,京东商城,Glamorousky旗舰店
1006007002,珠宝|水晶、玛瑙|耳饰,妆点女人 幸福相随 奥地利进口水晶耳环 E45 橄榄,珠宝首饰>时尚饰品>耳饰>妆点女人>妆点女人 幸福相随 奥地利进口水晶耳环 ...,京东商城,妆点女人旗舰店
1006007002,珠宝|水晶、玛瑙|耳饰,饰水琉年925纯银耳环女款许愿石粉红色水晶银饰耳坠,珠宝首饰>银饰>戒指/耳饰>饰水琉年>饰水琉年925纯银耳环女款许愿石粉红色水...,京东商城,饰水琉年
1006007002,珠宝|水晶、玛瑙|耳饰,XD 06线耳头耳钩　纯银配件　纯银耳钩　银耳钩 耳饰配件 P045 纯银-素银,珠宝首饰>时尚饰品>饰品配件>XD 06线耳头耳钩　纯银配件　纯银耳钩...,京东商城,XD
1006007002,珠宝|水晶、玛瑙|耳饰,子羽中式婚礼配饰红色水晶凤凰新娘耳环耳夹 采用施华洛世奇元素 无耳洞耳夹款,珠宝首饰>时尚饰品>婚庆饰品>子羽中式婚礼配饰红色水晶凤凰新娘耳环耳夹...,京东商城,子羽饰品旗舰店
1006007002,珠宝|水晶、玛瑙|耳饰,初雨轩 天然绿玛瑙耳环 长款 耳坠 韩版 女 耳饰饰品,珠宝首饰>水晶玛瑙>耳饰>初雨轩>初雨轩 天然绿玛瑙耳环 长款 耳坠 韩版...,京东商城,初氏珠宝旗舰店
1006007002,珠宝|水晶、玛瑙|耳饰,石头记 俏佳人 天然紫水晶耳钉紫晶耳钉411201719,珠宝首饰>水晶玛瑙>耳饰>石头记 俏佳人 天然紫水晶耳钉紫晶耳钉4...,京东商城,石头记珠宝旗舰店
1006007002,珠宝|水晶、玛瑙|耳饰,三缘证宝 奥地利水晶耳饰 优雅时尚耳钉 韩版女士耳坠212314 一物一图 清仓特价,珠宝首饰>水晶玛瑙>耳饰>三缘证宝 奥地利水晶耳饰 优雅时尚耳钉 ...,京东商城,三缘证宝
1006007002,珠宝|水晶、玛瑙|耳饰,新光饰品 可爱桃心 水晶耳环 多色选择 浪漫无止境 甜美 优雅 日韩风格 新款 枚红色,珠宝首饰>时尚饰品>耳饰>新光饰品>新光饰品 可爱桃心 水晶耳环 多色选择 ...,京东商城,新光饰品
1006007002,珠宝|水晶、玛瑙|耳饰,Swarovski 代购施华洛世奇水晶穿孔耳环1179799,珠宝首饰>水晶玛瑙>耳饰>Swarovski 代购施华洛世奇水晶穿...,京东商城,施华洛世奇水晶
1006007002,珠宝|水晶、玛瑙|耳饰,Swarovski施华洛世奇水晶穿孔耳环NIGHT-TIME1076298,珠宝首饰>水晶玛瑙>耳饰>施华洛世奇（Swarovski）>Swarovski施华洛世奇水晶穿孔耳环...,京东商城,施华洛世奇水晶专卖店
1006007002,珠宝|水晶、玛瑙|耳饰,饰水琉年925纯银耳环女款蓝水晶闪球长款耳坠银耳饰 炫彩蓝耳环,珠宝首饰>银饰>戒指/耳饰>饰水琉年>饰水琉年925纯银耳环女款蓝水晶闪球长款...,京东商城,
1006007002,珠宝|水晶、玛瑙|耳饰,巴斯汀 Bastian Inverun 幸运角度 S925银耳饰 纯银耳环 时尚耳饰 海外银饰,珠宝首饰>银饰>戒指/耳饰>Bastian Inverun>巴斯汀 Bastian Inverun ...,京东商城,塞纳多珠宝旗舰店
1006007002,珠宝|水晶、玛瑙|耳饰,罗兰古纳 天然黑玛瑙 925银 耳坠 耳饰 复古水滴形耳环 女 好运 不羁 个性 好友礼物,珠宝首饰>水晶玛瑙>耳饰>罗兰古纳>罗兰古纳 天然黑玛瑙 925银 耳坠 耳...,京东商城,萝兰珠宝
1006007002,珠宝|水晶、玛瑙|耳饰,品信饰品 支持货到付款 925纯银圆球水钻 满钻奥地利水晶 锆石耳环 耳线 紫罗兰,珠宝首饰>时尚饰品>耳饰>品信饰品 支持货到付款 925纯银圆球水...,京东商城,品信饰品官方店
1006007002,珠宝|水晶、玛瑙|耳饰,伊泰莲娜 饰品 脉脉动人 奥地利水晶 耳环 送女友,珠宝首饰>时尚饰品>耳饰>伊泰莲娜>伊泰莲娜 饰品 脉脉动人 奥地利水晶 耳...,京东商城,伊泰莲娜
1006007002,珠宝|水晶、玛瑙|耳饰,JUSTMATCH/麦琪 星星私语可爱韩版夸张防过敏耳环 水晶耳坠 耳饰 女 韩国饰品,所有分类>珠宝/饰品/手表/眼镜>饰品/流行首饰/时尚新品>耳饰>JUSTMATCH/麦琪>JUSTMATCH/...,1号店,JUSTMATCH/麦琪
1006007002,珠宝|水晶、玛瑙|耳饰,东邦贵石 水晶蜜语水滴水钻 耳饰 紫红 紫色,珠宝首饰>时尚饰品>耳饰>东邦贵石>东邦贵石 水晶蜜语水滴水钻 耳饰 紫红...,京东商城,东邦贵石京东旗舰店
1006007002,珠宝|水晶、玛瑙|耳饰,海雯妮 饰品 韩国夸张 可爱老鼠 女 圆形满钻水晶耳环耳饰,所有分类>珠宝/饰品/手表/眼镜>饰品/流行首饰/时尚新品>耳饰>海雯妮>海雯妮 饰品 韩国夸...,1号店,海雯妮
1006007002,珠宝|水晶、玛瑙|耳饰,海雯妮饰品 相思爱情 蝴蝶结 韩版时尚女锆石水晶耳环耳饰 金白,珠宝首饰>时尚饰品>耳饰>海雯妮饰品 相思爱情 蝴蝶结 韩版时尚女...,京东商城,海雯妮
1006007002,珠宝|水晶、玛瑙|耳饰,金朗达 高档奥地利 水晶耳环 天使泪滴 首饰品 生日礼物 白金水莲红 3,珠宝首饰>时尚饰品>耳饰>金朗达>金朗达 高档奥地利 水晶耳环 天使泪滴 ...,京东商城,金朗达旗舰店
1006007002,珠宝|水晶、玛瑙|耳饰,T400 饰品 采用施华洛世奇元素S925银水晶耳环 依恋,珠宝首饰>时尚饰品>耳饰>T400>T400 饰品 采用施华洛世奇元素S92...,京东商城,T400
1006007002,珠宝|水晶、玛瑙|耳饰,女人节送礼 海雯妮饰品 复古埃及艳后蛇眼女款 欧美奢华 韩国韩版时尚爱心 水晶耳钉耳饰 绿色731,珠宝首饰>时尚饰品>耳饰>海雯妮>女人节送礼 海雯妮饰品 复古埃及艳后蛇眼...,京东商城,海雯妮
1006007002,珠宝|水晶、玛瑙|耳饰,SWAROVSKI施华洛世奇 淡黄色水晶菱形耳环 1035239,礼品箱包>奢侈品>更多品牌>施华洛世奇（Swarovski）>SWAROVSKI施华洛世奇 淡黄色水晶...,京东商城,米兰购物街
1006007002,珠宝|水晶、玛瑙|耳饰,灵菲 天然精品红玛瑙耳坠 银耳勾,珠宝首饰>水晶玛瑙>耳饰>灵菲>灵菲 天然精品红玛瑙耳坠 银耳勾,京东商城,灵菲旗舰店
1006007002,珠宝|水晶、玛瑙|耳饰,海雯妮 饰品 韩国时尚 爱心形 女 无耳洞水晶耳夹 耳饰,所有分类>珠宝/饰品/手表/眼镜>饰品/流行首饰/时尚新品>耳饰>海雯妮>海雯妮 饰品 韩国时...,1号店,海雯妮
1006007002,珠宝|水晶、玛瑙|耳饰,饰水琉年925纯银耳扣男士黑玛瑙耳环耳圈 单只年终热卖 单只 单只,珠宝首饰>银饰>戒指/耳饰>饰水琉年>饰水琉年925纯银耳扣男士黑玛瑙耳环耳圈...,京东商城,饰水琉年
1006007002,珠宝|水晶、玛瑙|耳饰,饰水琉年925纯银耳环女款海星淡蓝水晶耳坠银耳饰,珠宝首饰>银饰>戒指/耳饰>饰水琉年>饰水琉年925纯银耳环女款海星淡蓝水晶耳...,京东商城,饰水琉年
1006007002,珠宝|水晶、玛瑙|耳饰,Swarovski施华洛世奇bella银色穿孔耳环883551,珠宝首饰>水晶玛瑙>耳饰>施华洛世奇（Swarovski）>Swarovski施华洛世奇bella银...,京东商城,施华洛世奇专卖店
1006007002,珠宝|水晶、玛瑙|耳饰,妇女节礼物 海雯妮饰品 韩国韩版时尚 雏菊太阳花朵 女 水晶水钻满钻耳钉耳饰 孔雀蓝,珠宝首饰>时尚饰品>耳饰>海雯妮>妇女节礼物 海雯妮饰品 韩国韩版时尚 雏...,京东商城,海雯妮
1006007002,珠宝|水晶、玛瑙|耳饰,【shovan】典雅高贵天然石水晶吊坠耳环耳饰 SV26181,珠宝首饰>时尚饰品>耳饰>shovan>【shovan】典雅高贵天然石水晶吊坠耳...,京东商城,绝配饰界
1006007002,珠宝|水晶、玛瑙|耳饰,马可波罗 茶晶之恋 S925银耳饰 墨晶、黄晶耳坠 水晶耳饰 时尚女款耳饰 白+黄,珠宝首饰>银饰>戒指/耳饰>马可波罗 茶晶之恋 S925银耳饰 墨晶...,京东商城,塞纳多珠宝旗舰店
1006007002,珠宝|水晶、玛瑙|耳饰,女人节礼物 海雯妮饰品 可爱小皇冠 韩国韩版时尚OL 百搭女款 无需耳洞耳夹假耳环水晶耳环 银蓝,珠宝首饰>时尚饰品>耳饰>海雯妮>女人节礼物 海雯妮饰品 可爱小皇冠 韩国...,京东商城,海雯妮
1006007002,珠宝|水晶、玛瑙|耳饰,宛星(One Sheen) 韩版流沙水晶表 时尚淑女小款女表 1095 粉盘黑带,宛星（O.S）>宛星(One Sheen) 韩版流沙水晶...,京东商城,雕刻时光
1006007002,珠宝|水晶、玛瑙|耳饰,Glamorousky简约耳环配银色及黑色水晶 送女友 老婆 朋友高端生日礼物,珠宝首饰>水晶玛瑙>耳饰>Glamorousky简约耳环配银色及黑...,京东商城,嘉娜莫斯星空
1006007002,珠宝|水晶、玛瑙|耳饰,宛星(One Sheen) 韩版流沙水晶表 时尚淑女大款女表 1095 粉盘黑带,宛星（O.S）>宛星(One Sheen) 韩版流沙水晶...,京东商城,雕刻时光
1006007002,珠宝|水晶、玛瑙|耳饰,苗丽珠宝 水晶耳饰-相思叶（ML-1006),珠宝首饰>时尚饰品>耳饰>苗丽珠宝（MIAOLIZHUBAO）>苗丽珠宝 水晶耳饰-相思叶（ML-100...,京东商城,苗丽珠宝
1006007002,珠宝|水晶、玛瑙|耳饰,【卡兰朵】耳饰奥地利水晶耳环娇滴滴女士耳环女款 白色,珠宝首饰>时尚饰品>耳饰>COLDEL>【卡兰朵】耳饰奥地利水晶耳环娇滴滴女士耳...,京东商城,卡兰朵旗舰店
1006007002,珠宝|水晶、玛瑙|耳饰,【卡兰朵】耳饰奥地利水晶耳环琉璃月女士耳环女款 藕荷紫,珠宝首饰>时尚饰品>耳饰>【卡兰朵】耳饰奥地利水晶耳环琉璃月女士耳...,京东商城,卡兰朵旗舰店
1006007002,珠宝|水晶、玛瑙|耳饰,茗琳采用施华洛世奇元素彩蓝心结水晶耳环女 925纯银韩国时尚耳坠,珠宝首饰>时尚饰品>耳饰>茗琳>茗琳采用施华洛世奇元素彩蓝心结水晶耳环女...,京东商城,茗琳
1006007002,珠宝|水晶、玛瑙|耳饰,子羽原创中国风饰品单流苏花旦红色水晶耳环 采用施华洛世奇元素 母亲节礼物 送妈妈 京剧国粹礼品 无耳洞耳?,珠宝首饰>时尚饰品>耳饰>子羽原创中国风饰品单流苏花旦红色水晶耳环...,京东商城,子羽饰品旗舰店
1006007002,珠宝|水晶、玛瑙|耳饰,红色年轮 2013新款S925纯银水晶冰花耳坠 222066,珠宝首饰 > 耳饰 > 耳坠,亚马逊(卓越网),红色年轮
1006007002,珠宝|水晶、玛瑙|耳饰,新光饰品 星光异彩镶钻水滴耳环 采用施华洛世奇元素 水晶耳饰 女 海蓝,珠宝首饰 > 耳饰 > 耳环,亚马逊(卓越网),新光饰品
1006007002,珠宝|水晶、玛瑙|耳饰,同班同学 进口奥地利水晶耳坠 紫红色的回忆 星形水晶 TE36546,珠宝首饰 > 耳饰 > 耳坠,亚马逊(卓越网),同班同学
1006007002,珠宝|水晶、玛瑙|耳饰,Ldya饰品 奥地利水晶 蓝色泪滴 亮丽水晶耳环/配礼盒,珠宝首饰 > 耳饰 > 耳环,亚马逊(卓越网),Ldya饰品
1006007002,珠宝|水晶、玛瑙|耳饰,Ldya饰品 奥地利水晶 925纯银天使之心酒红色水晶项链套装,珠宝首饰 > 耳饰 > 耳环 ,亚马逊(卓越网),Ldya饰品
1006007002,珠宝|水晶、玛瑙|耳饰,蛟蓓首饰 韩国饰品 玫红灵石水晶耳环 耳饰 女,珠宝首饰 > 耳饰 > 耳环,亚马逊(卓越网),蛟蓓
1006007002,珠宝|水晶、玛瑙|耳饰,银斯妮 纯银水晶耳坠 心心相扣水晶耳坠 女性耳坠 时尚百搭 水莲红彩白色二色可选,珠宝首饰 > 耳饰 > 耳坠,亚马逊(卓越网),银斯妮
1006007002,珠宝|水晶、玛瑙|耳饰,银斯妮 纯银女性耳坠 心语水晶耳坠 韩式女款耳坠 追梦系列 时尚百搭 送女朋友,珠宝首饰 > 耳饰 > 耳坠,亚马逊(卓越网),银斯妮
1006007002,珠宝|水晶、玛瑙|耳饰,索琳娜 925银施华洛元素水晶心形耳环-香槟色,珠宝首饰 > 耳饰 > 耳环,亚马逊(卓越网),
1006007002,珠宝|水晶、玛瑙|耳饰,Tibeau 蒂比欧 韩版 男士耳钉 饰品韩国男耳饰黑色水晶大 时尚精致配饰,珠宝首饰 > 耳饰 > 耳钉,亚马逊(卓越网),Tibeau 蒂比欧 韩版
1006007002,珠宝|水晶、玛瑙|耳饰,蓓丽雅 高端饰品 韩国韩版饰品 水晶饰品 Rose水晶耳坠 银色,珠宝首饰 > 耳饰 > 耳环,亚马逊(卓越网),蓓丽雅
1006007002,珠宝|水晶、玛瑙|耳饰,蓓丽雅 韩版 甜美 方形镶水晶 精巧 耳针耳夹 气质女人 防过敏耳环 茶色,珠宝首饰 > 耳饰 > 耳环,亚马逊(卓越网),蓓丽雅
1006007002,珠宝|水晶、玛瑙|耳饰,蓓丽雅 进口顶级水晶八心八箭水钻 彩虹炫彩耳环耳环 韩国 女 玫红蓝,珠宝首饰 > 耳饰 > 耳环,亚马逊(卓越网),蓓丽雅
1006007002,珠宝|水晶、玛瑙|耳饰,Pugster 施华洛世奇水晶银 空心 叶 诞生透明水晶圆形耳环/百搭款/浪漫爱情水晶/欧美时尚饰品/职场女性必备精品/ 简单有气质/波西米亚森女小清新,珠宝首饰 > 耳饰,亚马逊(卓越网),Pugster 好饰界
1006007002,珠宝|水晶、玛瑙|耳饰,Pugster 施华洛世奇水晶美丽的孔雀紫水晶水钻耳环/百搭款/浪漫爱情水晶/欧美时尚饰品/职场女性必备精品/ 简单有气质/波西米亚森女小清新,珠宝首饰 > 耳饰,亚马逊(卓越网),Pugster 好饰界
1006007002,珠宝|水晶、玛瑙|耳饰,了木 奥地利水晶耳环 驿动的心 多色可选 (橄榄绿),珠宝首饰 > 耳饰 > 耳坠 ,亚马逊(卓越网),了木
1006007002,珠宝|水晶、玛瑙|耳饰,了木 奥地利水晶套装 驿动的心 多色可选 (水莲红),珠宝首饰 > 耳饰 > 耳环 ,亚马逊(卓越网),了木
1006007002,珠宝|水晶、玛瑙|耳饰,KREMENTZ 韦文氏 珐琅100%纯正水晶心形耳环 01421074/,珠宝首饰/类别/耳饰/耳环,亚马逊(卓越网),KREMENTZ 韦文氏
1006007002,珠宝|水晶、玛瑙|耳饰,范茜 FANCY 18K白金 精美首饰 水晶耳圈 PE020,珠宝首饰/类别/耳饰/耳环,亚马逊(卓越网),范茜 FANCY
1006007002,珠宝|水晶、玛瑙|耳饰,范茜 FANCY 欧美时尚电镀18K玫瑰金 不褪色 镶奥地利精美水晶耳环 PE082,珠宝首饰/类别/耳饰/耳环,亚马逊(卓越网),范茜 FANCY
1006007002,珠宝|水晶、玛瑙|耳饰,范茜 FANCY 欧美 奥地利水晶 外贸出口ROHS认证 外贸流行18K精美耳环 PE071,珠宝首饰/类别/耳饰/耳环,亚马逊(卓越网),范茜 FANCY
1006007002,珠宝|水晶、玛瑙|耳饰,范茜 FANCY 首饰18K白金环保不过敏耳饰 饰品粉色水晶耳环 PE083,珠宝首饰/类别/耳饰/耳环,亚马逊(卓越网),范茜 FANCY
1006007002,珠宝|水晶、玛瑙|耳饰,Swarovski 施华洛世奇 水晶自然色 Sheena 穿孔耳环 1144253,珠宝首饰 > 耳饰,亚马逊(卓越网),Swarovski 施华洛世奇
1006007002,珠宝|水晶、玛瑙|耳饰,卿佩 采用施华洛世奇水晶元素 耳环 韩国 饰品 银耳环 纯银 正品 925纯银 女 一见钟情银耳钉 证书,珠宝首饰 > 耳饰 > 耳坠,亚马逊(卓越网),凡戴
1006007002,珠宝|水晶、玛瑙|耳饰,Gemma 吉玛 GM2E051 巴西水草晶 石榴石 水晶 925银长款耳环 气质耳坠,珠宝首饰 > 耳饰 > 耳坠 ,亚马逊(卓越网),Gemma 吉玛
1006007002,珠宝|水晶、玛瑙|耳饰,范茜 FANCY 优雅时尚 18K金 进口天然奥地利水晶 饰品 环保 耳饰 PE228 首饰,珠宝首饰/类别/耳饰/耳环,亚马逊(卓越网),范茜 FANCY
1006007002,珠宝|水晶、玛瑙|耳饰,Manxin 满心饰你 925纯银耳针 水晶耳环 孔雀 （镀金+奥地利水晶+精美包装）孔雀耳环,珠宝首饰 > 耳饰 > 耳坠 ,亚马逊(卓越网),满心饰你
1006007002,珠宝|水晶、玛瑙|耳饰,新光饰品 小企鹅憨憨 水晶耳钉 时尚 韩版 牛仔蓝,珠宝首饰 > 耳饰 > 耳钉,亚马逊(卓越网),新光饰品
1006007002,珠宝|水晶、玛瑙|耳饰,新光饰品 方形水晶小耳钉 OL型 女 时尚防过敏耳饰 牛仔蓝,珠宝首饰 > 耳饰 > 耳钉,亚马逊(卓越网),新光饰品
1006007002,珠宝|水晶、玛瑙|耳饰,新光饰品 浅吟低唱 水晶耳环 女 OL风格 韩版 2012新款 香槟色,珠宝首饰 > 耳饰 > 耳环,亚马逊(卓越网),新光饰品
1006007002,珠宝|水晶、玛瑙|耳饰,新光饰品 心际威尼斯 耳环 水晶 耳勾 女 七夕礼物 烟土色,珠宝首饰 > 耳饰 > 耳环,亚马逊(卓越网),新光饰品
1006007002,珠宝|水晶、玛瑙|耳饰,火树银花 抗过敏 925纯银配件 DIY配件 饰品耳环配件 纯银耳钩 银饰配件,珠宝首饰 > 男士饰品、配件,亚马逊(卓越网),火树银花
1006007002,珠宝|水晶、玛瑙|耳饰,CAROMAY 卡洛美 可爱天鹅水晶耳环,珠宝首饰 > 耳饰,亚马逊(卓越网),CAROMAY 卡洛美
1006007002,珠宝|水晶、玛瑙|耳饰,CAROMAY 卡洛美 韩国时尚茶花D字串珠水晶钻不对称流苏耳饰品,珠宝首饰 > 耳饰,亚马逊(卓越网),CAROMAY 卡洛美
1006007002,珠宝|水晶、玛瑙|耳饰,贝美芬 奥地利施华洛元素水晶经典梅花耳坠 纯银耳环 女士耳环 送女友 送老婆 耳饰 (款式三),珠宝首饰 > 耳饰 > 耳环,亚马逊(卓越网),贝美芬
1006007002,珠宝|水晶、玛瑙|耳饰,CAROMAY 卡洛美 韩国时尚玫瑰花语水晶耳饰,珠宝首饰/类别/耳饰/耳环,亚马逊(卓越网),CAROMAY 卡洛美
1006007002,珠宝|水晶、玛瑙|耳饰,Haiwenni 海雯妮 爱心形 女 无耳洞水晶耳夹 耳环 韩版时尚饰品 金白,珠宝首饰 > 耳饰 > 耳夹,亚马逊(卓越网),Haiwenni 海雯妮
1006007002,珠宝|水晶、玛瑙|耳饰,Swarovski 施华洛世奇 Typical闪亮水晶穿孔耳环1179717 购买施华洛世奇任意款产品附送手提袋证书说明书齐全,珠宝首饰 > 耳饰 > 耳环,亚马逊(卓越网),Swarovski 施华洛世奇
1006007002,珠宝|水晶、玛瑙|耳饰,晶隆福 天然粉水晶耳坠 款式时尚 颜色粉嫩 增添魅力 带来桃花运 助事业 促人缘,珠宝首饰/类别/耳饰/耳坠,亚马逊(卓越网),晶隆福
1006007002,珠宝|水晶、玛瑙|耳饰,Manxin 满心饰你 水晶耳环 （镀金+奥地利水晶+精美包装）月亮河耳环（宝绿色）,珠宝首饰 > 耳饰 > 耳坠 ,亚马逊(卓越网),满心饰你
1006007002,珠宝|水晶、玛瑙|耳饰,coldel 卡兰朵 耳饰奥地利水晶耳环--水滴皇冠 (彩色),珠宝首饰 > 情侣饰品 ,亚马逊(卓越网),coldel 卡兰朵
1006007002,珠宝|水晶、玛瑙|耳饰,ALEYNA S925纯银耳钉 耳饰 水晶玲珑球银饰耳环 韩版时尚 纯银正品 银饰 银耳钉 怪你过分美丽 (深紫),珠宝首饰 > 情侣饰品 ,亚马逊(卓越网),ALEYNA
1006007002,珠宝|水晶、玛瑙|耳饰,ALEYNA S925纯银耳钉 耳饰 水晶玲珑球银饰耳环 韩版时尚 纯银正品 银饰 银耳钉 怪你过分美丽 (浅蓝),珠宝首饰 > 情侣饰品 ,亚马逊(卓越网),ALEYNA
1006007002,珠宝|水晶、玛瑙|耳饰,张银匠 奥地利水晶 S925纯银耳勾 满天飞花耳环 女款耳饰/耳坠 防过敏 紫色,首页 >配饰 >时尚饰品 >耳饰 >张银匠 奥地利水晶 S925纯银耳勾 满天飞花耳环 女款耳饰/耳坠 防过敏,vjia,张银匠旗舰店
1006007002,珠宝|水晶、玛瑙|耳饰,九壹银庄 925银饰 纯银饰品女 耳钉复古天然宝石水晶耳钉 送纯银耳堵 (天然月光石),珠宝首饰 > 男士饰品、配件 ,亚马逊(卓越网),九壹银庄
1006007002,珠宝|水晶、玛瑙|耳饰,卡伊哇哇 奥地利水晶耳坠紫蝴蝶传奇真爱5132,首页 > 耳饰 > 坠,开心人,本商品由  卡伊哇哇
1006007002,珠宝|水晶、玛瑙|耳饰,新光饰品 (心相印 爱心水晶耳环 采用奥地利进口水晶),首页 > 耳饰 > 坠 > 新光饰品 (心相印 爱心水晶耳环 采用奥地利进口水晶),乐蜂网,新光饰品
1006007002,珠宝|水晶、玛瑙|耳饰,准美人2013欧美时尚潮流新款正品女包女士手提斜挎单肩包 水晶桔79319,礼品箱包>潮流女包>单肩包>准美人2013欧美时尚潮流新款正品女包女...,京东商城,准美人旗舰店
1006007002,珠宝|水晶、玛瑙|耳饰,嘉梵米水晶蝴蝶结宽腰封韩版百搭松紧带时尚女士腰带PD020284 杏色,嘉梵米>嘉梵米水晶蝴蝶结宽腰封韩版百搭松紧带时尚...,京东商城,嘉梵米旗舰店
1006007002,珠宝|水晶、玛瑙|耳饰,嘉梵米闪亮水晶对扣细腰封韩版百搭漆皮时尚女士腰带PD010283 黑色,嘉梵米>嘉梵米闪亮水晶对扣细腰封韩版百搭漆皮时尚...,京东商城,嘉梵米旗舰店
1006007002,珠宝|水晶、玛瑙|耳饰,鹏志(PANGCHI)高贵时尚 简约表盘个性指针精致水晶刻度 钢带情侣对表 2283 白色,鹏志（PANGCHI）>鹏志(PANGCHI)高贵时尚 简约表盘...,京东商城,雕刻时光
1006007002,珠宝|水晶、玛瑙|耳饰,Marcia Moran女士18 k镀金镶嵌玛瑙时尚耳环【折扣款】,箱包配饰 > 饰品 > 耳饰 > 商品详情,美国购物网,
1006007002,珠宝|水晶、玛瑙|耳饰,沐爱 韩版个性饰品 时尚捷克水晶 女士耳钉 海棠果 实惠好看 海蓝 本图,珠宝首饰>时尚饰品>耳饰>沐爱 韩版个性饰品 时尚捷克水晶 女士...,京东商城,沐爱珠宝
1006007002,珠宝|水晶、玛瑙|耳饰,银奥 瑞士钻 圆钻耳坠 S925纯银耳环 水晶耳环 韩国 饰品 女款 中秋 佳节 礼物,珠宝首饰>银饰>戒指/耳饰>银奥 瑞士钻 圆钻耳坠 S925纯银耳环...,京东商城,银奥旗舰店
1006007002,珠宝|水晶、玛瑙|耳饰,子羽中国风耳饰万字符水晶流苏旗袍耳环耳夹 采用施华洛世奇元素 三八节礼物 无耳洞耳夹款,珠宝首饰>时尚饰品>耳饰>子羽>子羽中国风耳饰万字符水晶流苏旗袍耳环耳夹...,京东商城,子羽旗舰店
1006007002,珠宝|水晶、玛瑙|耳饰,女人节礼物 海雯妮饰品 韩版百搭时尚 女 可爱笑脸淑女气质OL风 蝴蝶结萌兔水晶耳钉 耳饰 米白色,珠宝首饰>时尚饰品>耳饰>海雯妮>女人节礼物 海雯妮饰品 韩版百搭时尚 女...,京东商城,海雯妮
1006007002,珠宝|水晶、玛瑙|耳饰,泰宝行奥地利水晶耳环缤纷七彩耳坠韩版耳圈防过敏6346 彩色,珠宝首饰>时尚饰品>耳饰>泰宝行>泰宝行奥地利水晶耳环缤纷七彩耳坠韩版耳圈...,京东商城,泰宝行旗舰店
1006007002,珠宝|水晶、玛瑙|耳饰,子羽原创中国风饰品脸谱有耳洞耳夹耳环 关羽 当水晶遇上中国风 京品年货 无耳洞耳夹款,珠宝首饰>时尚饰品>耳饰>子羽>子羽原创中国风饰品脸谱有耳洞耳夹耳环 关...,京东商城,子羽旗舰店
1006007002,珠宝|水晶、玛瑙|耳饰,【Ruby Rubbie】EH-7371-施华洛世奇授权-专柜品质-奥地利水晶耳钉--烟花绽（白色+香槟金）,珠宝首饰>水晶玛瑙>耳饰>【Ruby Rubbie】EH-7371...,京东商城,Ruby Rubbie旗舰店
1006007002,珠宝|水晶、玛瑙|耳饰,Sussie 苏茜-奥地利水晶-爱的初体验浪漫耳钉 玫红色,珠宝首饰>水晶玛瑙>耳饰>Sussie 苏茜-奥地利水晶-爱的初体...,京东商城,苏茜
1006007002,珠宝|水晶、玛瑙|耳饰,Sussie 苏茜-奥地利水晶-爱的初体验浪漫耳钉 白色,珠宝首饰>水晶玛瑙>耳饰>Sussie 苏茜-奥地利水晶-爱的初体...,京东商城,苏茜
1006007002,珠宝|水晶、玛瑙|耳饰,邢氏 XING'S 高档水晶绒面羊皮 中长款时尚五分袖 高腰收身设计 皮质细腻柔软 XS10H78P1047 紫红色 44,邢氏 XING'S 高档水晶绒面羊皮 中...,京东商城,邢氏旗舰店
1006007002,珠宝|水晶、玛瑙|耳饰,邢氏 XING'S 高档水晶绒面羊皮 中长款时尚五分袖 高腰收身设计 皮质细腻柔软 XS10H78P1047 紫红色 50,邢氏 XING'S 高档水晶绒面羊皮 中...,京东商城,邢氏旗舰店
1006007002,珠宝|水晶、玛瑙|耳饰,bannystones 采用施华洛世奇元素 星星水晶耳环 女 OL职业 彩色,珠宝首饰>时尚饰品>耳饰>Bannystones>bannystones 采用施华洛世奇元...,京东商城,bannystones
1006007002,珠宝|水晶、玛瑙|耳饰,茗琳 采用施华洛世奇元素 幸福果实水晶耳环 韩国 进口 女,珠宝首饰>时尚饰品>耳饰>茗琳 采用施华洛世奇元素 幸福果实水晶耳...,京东商城,茗琳
1006007002,珠宝|水晶、玛瑙|耳饰,慕美 梅花耳环 925纯银水晶耳环 银饰品 韩国时尚百搭,珠宝首饰>银饰>戒指/耳饰>慕美 梅花耳环 925纯银水晶耳环 银饰...,京东商城,慕美旗舰店
1006007002,珠宝|水晶、玛瑙|耳饰,子羽原创中国风饰品结婚新娘红色凤冠耳夹耳环 采用施华洛世奇元素水晶 女中式婚礼必备百搭时 无耳洞耳夹款,珠宝首饰>时尚饰品>婚庆饰品>子羽>子羽原创中国风饰品结婚新娘红色凤冠耳夹耳...,京东商城,子羽旗舰店
1006007002,珠宝|水晶、玛瑙|耳饰,adivon 2014夏季新款男士时尚休闲圆领短袖T恤 A32161 水晶蓝 2XL,服饰内衣>运动>T恤>adivon>adivon 2014夏季新款男士时尚休...,京东商城,adivon
1006007002,珠宝|水晶、玛瑙|耳饰,薇茉VEMO梦呓水晶系列时尚两用包1201015502 紫色,礼品箱包>潮流女包>单肩包>薇茉VEMO梦呓水晶系列时尚两用包120...,京东商城,DUDU旗舰店
1006007002,珠宝|水晶、玛瑙|耳饰,嘉尚 S925纯银饰品 时尚耳坠 四叶雪晶蝴蝶 精致耳坠,嘉尚 S925纯银饰品 时尚耳坠 四叶雪...,京东商城,嘉尚
1006007002,珠宝|水晶、玛瑙|耳饰,bannystones 水晶耳环 三角形 个性潮人 饰品 礼物 黄色,珠宝首饰>时尚饰品>耳饰>bannystones 水晶耳环 三角形...,京东商城,bannystones
1006007002,珠宝|水晶、玛瑙|耳饰,Crystal Girl水晶女孩 星辉 耳钉 方形 简约 时尚 防过敏 特价 玫瑰金+金色魅影,珠宝首饰>水晶玛瑙>耳饰>CRYSTAL GIRL>Crystal Girl水晶女孩 星辉 ...,京东商城,水晶女孩旗舰店
1006007002,珠宝|水晶、玛瑙|耳饰,新光饰品星光异彩镶钻水滴水晶耳环采用施华洛世奇元素 紫色,珠宝首饰>时尚饰品>耳饰>新光饰品>新光饰品星光异彩镶钻水滴水晶耳环采用施华...,京东商城,新光饰品
1006007002,珠宝|水晶、玛瑙|耳饰,金朗达 耳环 耳饰 女 采用高档奥地利水晶 礼品 相依 首饰饰品 紫色,珠宝首饰>时尚饰品>耳饰>金朗达 耳环 耳饰 女 采用高档奥地利水...,京东商城,金朗达旗舰店
1006007002,珠宝|水晶、玛瑙|耳饰,茗琳 采用施华洛世奇元素 半羽蝶水晶耳环耳饰女 牛仔蓝,珠宝首饰>时尚饰品>耳饰>茗琳>茗琳 采用施华洛世奇元素 半羽蝶水晶耳环...,京东商城,茗琳
1006007002,珠宝|水晶、玛瑙|耳饰,Swarovski施华洛世奇穿孔耳饰-红色水晶流苏1098483,珠宝首饰>水晶玛瑙>耳饰>Swarovski施华洛世奇穿孔耳饰-红...,京东商城,J&J折扣名品百货
1006007002,珠宝|水晶、玛瑙|耳饰,欧炫ouxuan-出嫁 施华洛世奇元素水晶 耳环,珠宝首饰>水晶玛瑙>耳饰>欧炫ouxuan-出嫁 施华洛世奇元素水...,京东商城,欧炫饰品
1006007002,珠宝|水晶、玛瑙|耳饰,adivon 2014夏季新款时尚男子圆领T恤 A32173 水晶蓝 XL,服饰内衣>运动>T恤>adivon>adivon 2014夏季新款时尚男子圆...,京东商城,adivon
1006007002,珠宝|水晶、玛瑙|耳饰,子羽原创中国风饰品 结婚新娘配饰红色水晶双喜耳环耳夹 采用施华洛世奇元素 婚礼礼物京品年货 无耳洞耳夹款,珠宝首饰>时尚饰品>耳饰>子羽>子羽原创中国风饰品 结婚新娘配饰红色水晶...,京东商城,子羽旗舰店
1006007002,珠宝|水晶、玛瑙|耳饰,零点 女款紫色合成水晶耳环,首页 > 零点饰品专场 > 女款紫色合成水晶耳环,唯品会,零点
1006007002,珠宝|水晶、玛瑙|耳饰,银尚圈 比翼鸟 女款女士耳饰耳环 水晶耳坠 女 新款,珠宝首饰>时尚饰品>耳饰>银尚圈>银尚圈 比翼鸟 女款女士耳饰耳环 水晶耳...,京东商城,银尚圈旗舰店
1006007002,珠宝|水晶、玛瑙|耳饰,【情人节热卖】卡当 送女友时尚潮流生日礼物闪耀之星镶嵌八心八箭水晶925银耳环 情人节礼物 银色,珠宝首饰>时尚饰品>耳饰>卡当>【情人节热卖】卡当 送女友时尚潮流生日礼...,京东商城,无极卡当
1006007002,珠宝|水晶、玛瑙|耳饰,徐静蕾KAiLA 开啦 水晶之孔雀飞舞耳环,珠宝首饰>时尚饰品>耳饰>KAiLA>徐静蕾KAiLA 开啦 水晶之孔雀飞舞耳...,京东商城,kaila
1006007002,珠宝|水晶、玛瑙|耳饰,潘尼珂 奥地利水晶耳坠-香槟蝴蝶传奇真爱,珠宝首饰 > 耳饰 > 耳坠,亚马逊(卓越网),潘尼珂
1006007002,珠宝|水晶、玛瑙|耳饰,Tokiss流行饰品 水晶耳钉 镶钻翅膀中性耳饰蝴蝶之吻 黑色,珠宝首饰>水晶玛瑙>耳饰>Tokiss流行饰品 水晶耳钉 镶钻翅膀...,京东商城,TOKISS
1006007002,珠宝|水晶、玛瑙|耳饰,音乐盒Mbox耳环 女 采用施华洛世奇元素水晶搭配 甜美时尚 已然爱恋HC2519 古典玫瑰,珠宝首饰>时尚饰品>耳饰>音乐盒Mbox耳环 女 采用施华洛世奇元...,京东商城,Mbox
1006007002,珠宝|水晶、玛瑙|耳饰,贝美芬 925纯银天使眼水滴耳环 进口奥地利水晶 纯银耳环 耳坠 女生饰品 4mm黑色45厘米,珠宝首饰>银饰>戒指/耳饰>其它>贝美芬 925纯银天使眼水滴耳环 进口奥...,京东商城,贝美芬旗舰店
1006007002,珠宝|水晶、玛瑙|耳饰,包邮Tokiss流行耳饰 水晶浪漫樱花耳钉10mm大款 紫罗兰,珠宝首饰>水晶玛瑙>耳饰>包邮Tokiss流行耳饰 水晶浪漫樱花耳...,京东商城,TOKISS
1006007002,珠宝|水晶、玛瑙|耳饰,全国联保 施华洛世奇 Swarovski Typical闪亮水晶穿孔耳环 1179717,珠宝首饰>时尚饰品>耳饰>施华洛世奇（Swarovski）>全国联保 施华洛世奇 Swarovski...,京东商城,欧尚旗舰店
1006007002,珠宝|水晶、玛瑙|耳饰,molie莫莉原创饰品 在水一方 水晶 耳环简洁 大气 送女友 礼物,molie莫莉原创饰品 在水一方 水晶 ...,京东商城,molie莫莉
1006007002,珠宝|水晶、玛瑙|耳饰,ohxuan 施华洛世奇元素水晶耳饰-亲嘴小鱼,ohxuan 施华洛世奇元素水晶耳饰-亲...,京东商城,ohxuan
1006007002,珠宝|水晶、玛瑙|耳饰,Martine Wester 玛汀薇思 水蓝色 施华洛世奇水晶 女士穿孔耳饰 S12-153,珠宝首饰 > 耳饰,亚马逊(卓越网),Martine Wester
1006007002,珠宝|水晶、玛瑙|耳饰,Swarovski施华洛世奇水晶穿孔耳环-可爱粉红1046152,施华洛世奇>Swarovski施华洛世奇水晶穿孔耳环...,京东商城,施华洛世奇
1006007002,珠宝|水晶、玛瑙|耳饰,T400 正品 送礼礼物 韩版时尚 水晶耳环 2314 玲珑语,珠宝首饰>时尚饰品>耳饰>T400>T400 正品 送礼礼物 韩版时尚 水晶...,京东商城,T400
1006007002,珠宝|水晶、玛瑙|耳饰,易燃火山正品 925纯银镀白金天然玛瑙耳坠 女 时尚韩版SZE0013,易燃火山正品 925纯银镀白金天然玛瑙耳...,京东商城,易燃火山
1006007002,珠宝|水晶、玛瑙|耳饰,Swarovski施华洛世奇水晶耳环－交错1075335,施华洛世奇>Swarovski施华洛世奇水晶耳环－交...,京东商城,施华洛世奇